Files,PSNR
C:\Users\gurvan.lecuyer\Documents\Code\rm0\scripts\RM_submission\out\Evaluation1_1\WAV_nopad\Evaluation1_1rv_CRM1_16_ERM_010_Bounce100_nopad.wav,100.0
C:\Users\gurvan.lecuyer\Documents\Code\rm0\scripts\RM_submission\out\Evaluation1_1\WAV_nopad\Evaluation1_1rv_CRM1_16_ERM_074_Explosion1_nopad.wav,100.0
C:\Users\gurvan.lecuyer\Documents\Code\rm0\scripts\RM_submission\out\Evaluation1_1\WAV_nopad\Evaluation1_1rv_CRM1_16_LRA_014_DoubleSharpClick66_nopad.wav,100.0
C:\Users\gurvan.lecuyer\Documents\Code\rm0\scripts\RM_submission\out\Evaluation1_1\WAV_nopad\Evaluation1_1rv_CRM1_16_LRA_079_Explosion6_nopad.wav,100.0
C:\Users\gurvan.lecuyer\Documents\Code\rm0\scripts\RM_submission\out\Evaluation1_1\WAV_nopad\Evaluation1_1rv_CRM1_16_Piezo_010_Bounce100_nopad.wav,100.0
C:\Users\gurvan.lecuyer\Documents\Code\rm0\scripts\RM_submission\out\Evaluation1_1\WAV_nopad\Evaluation1_1rv_CRM1_2_ERM_010_Bounce100_nopad.wav,100.0
C:\Users\gurvan.lecuyer\Documents\Code\rm0\scripts\RM_submission\out\Evaluation1_1\WAV_nopad\Evaluation1_1rv_CRM1_2_ERM_074_Explosion1_nopad.wav,100.0
C:\Users\gurvan.lecuyer\Documents\Code\rm0\scripts\RM_submission\out\Evaluation1_1\WAV_nopad\Evaluation1_1rv_CRM1_2_LRA_014_DoubleSharpClick66_nopad.wav,100.0
C:\Users\gurvan.lecuyer\Documents\Code\rm0\scripts\RM_submission\out\Evaluation1_1\WAV_nopad\Evaluation1_1rv_CRM1_2_LRA_079_Explosion6_nopad.wav,100.0
C:\Users\gurvan.lecuyer\Documents\Code\rm0\scripts\RM_submission\out\Evaluation1_1\WAV_nopad\Evaluation1_1rv_CRM1_2_Piezo_010_Bounce100_nopad.wav,100.0
C:\Users\gurvan.lecuyer\Documents\Code\rm0\scripts\RM_submission\out\Evaluation1_1\WAV_nopad\Evaluation1_1rv_CRM1_64_ERM_010_Bounce100_nopad.wav,100.0
C:\Users\gurvan.lecuyer\Documents\Code\rm0\scripts\RM_submission\out\Evaluation1_1\WAV_nopad\Evaluation1_1rv_CRM1_64_ERM_074_Explosion1_nopad.wav,100.0
C:\Users\gurvan.lecuyer\Documents\Code\rm0\scripts\RM_submission\out\Evaluation1_1\WAV_nopad\Evaluation1_1rv_CRM1_64_LRA_014_DoubleSharpClick66_nopad.wav,100.0
C:\Users\gurvan.lecuyer\Documents\Code\rm0\scripts\RM_submission\out\Evaluation1_1\WAV_nopad\Evaluation1_1rv_CRM1_64_LRA_079_Explosion6_nopad.wav,100.0
C:\Users\gurvan.lecuyer\Documents\Code\rm0\scripts\RM_submission\out\Evaluation1_1\WAV_nopad\Evaluation1_1rv_CRM1_64_Piezo_010_Bounce100_nopad.wav,100.0
C:\Users\gurvan.lecuyer\Documents\Code\rm0\scripts\RM_submission\out\Evaluation1_1\WAV_nopad\Evaluation1_1rv_CRM1_8_ERM_010_Bounce100_nopad.wav,100.0
C:\Users\gurvan.lecuyer\Documents\Code\rm0\scripts\RM_submission\out\Evaluation1_1\WAV_nopad\Evaluation1_1rv_CRM1_8_ERM_074_Explosion1_nopad.wav,100.0
C:\Users\gurvan.lecuyer\Documents\Code\rm0\scripts\RM_submission\out\Evaluation1_1\WAV_nopad\Evaluation1_1rv_CRM1_8_LRA_014_DoubleSharpClick66_nopad.wav,100.0
C:\Users\gurvan.lecuyer\Documents\Code\rm0\scripts\RM_submission\out\Evaluation1_1\WAV_nopad\Evaluation1_1rv_CRM1_8_LRA_079_Explosion6_nopad.wav,100.0
C:\Users\gurvan.lecuyer\Documents\Code\rm0\scripts\RM_submission\out\Evaluation1_1\WAV_nopad\Evaluation1_1rv_CRM1_8_Piezo_010_Bounce100_nopad.wav,100.0
C:\Users\gurvan.lecuyer\Documents\Code\rm0\scripts\RM_submission\out\Evaluation1_1\WAV_pad\Evaluation1_1rv_CRM1_16_ERM_010_Bounce100_pad.wav,100.0
C:\Users\gurvan.lecuyer\Documents\Code\rm0\scripts\RM_submission\out\Evaluation1_1\WAV_pad\Evaluation1_1rv_CRM1_16_ERM_074_Explosion1_pad.wav,100.0
C:\Users\gurvan.lecuyer\Documents\Code\rm0\scripts\RM_submission\out\Evaluation1_1\WAV_pad\Evaluation1_1rv_CRM1_16_LRA_014_DoubleSharpClick66_pad.wav,100.0
C:\Users\gurvan.lecuyer\Documents\Code\rm0\scripts\RM_submission\out\Evaluation1_1\WAV_pad\Evaluation1_1rv_CRM1_16_LRA_079_Explosion6_pad.wav,100.0
C:\Users\gurvan.lecuyer\Documents\Code\rm0\scripts\RM_submission\out\Evaluation1_1\WAV_pad\Evaluation1_1rv_CRM1_16_Piezo_010_Bounce100_pad.wav,100.0
C:\Users\gurvan.lecuyer\Documents\Code\rm0\scripts\RM_submission\out\Evaluation1_1\WAV_pad\Evaluation1_1rv_CRM1_2_ERM_010_Bounce100_pad.wav,100.0
C:\Users\gurvan.lecuyer\Documents\Code\rm0\scripts\RM_submission\out\Evaluation1_1\WAV_pad\Evaluation1_1rv_CRM1_2_ERM_074_Explosion1_pad.wav,100.0
C:\Users\gurvan.lecuyer\Documents\Code\rm0\scripts\RM_submission\out\Evaluation1_1\WAV_pad\Evaluation1_1rv_CRM1_2_LRA_014_DoubleSharpClick66_pad.wav,100.0
C:\Users\gurvan.lecuyer\Documents\Code\rm0\scripts\RM_submission\out\Evaluation1_1\WAV_pad\Evaluation1_1rv_CRM1_2_LRA_079_Explosion6_pad.wav,100.0
C:\Users\gurvan.lecuyer\Documents\Code\rm0\scripts\RM_submission\out\Evaluation1_1\WAV_pad\Evaluation1_1rv_CRM1_2_Piezo_010_Bounce100_pad.wav,100.0
C:\Users\gurvan.lecuyer\Documents\Code\rm0\scripts\RM_submission\out\Evaluation1_1\WAV_pad\Evaluation1_1rv_CRM1_64_ERM_010_Bounce100_pad.wav,100.0
C:\Users\gurvan.lecuyer\Documents\Code\rm0\scripts\RM_submission\out\Evaluation1_1\WAV_pad\Evaluation1_1rv_CRM1_64_ERM_074_Explosion1_pad.wav,100.0
C:\Users\gurvan.lecuyer\Documents\Code\rm0\scripts\RM_submission\out\Evaluation1_1\WAV_pad\Evaluation1_1rv_CRM1_64_LRA_014_DoubleSharpClick66_pad.wav,100.0
C:\Users\gurvan.lecuyer\Documents\Code\rm0\scripts\RM_submission\out\Evaluation1_1\WAV_pad\Evaluation1_1rv_CRM1_64_LRA_079_Explosion6_pad.wav,100.0
C:\Users\gurvan.lecuyer\Documents\Code\rm0\scripts\RM_submission\out\Evaluation1_1\WAV_pad\Evaluation1_1rv_CRM1_64_Piezo_010_Bounce100_pad.wav,100.0
C:\Users\gurvan.lecuyer\Documents\Code\rm0\scripts\RM_submission\out\Evaluation1_1\WAV_pad\Evaluation1_1rv_CRM1_8_ERM_010_Bounce100_pad.wav,100.0
C:\Users\gurvan.lecuyer\Documents\Code\rm0\scripts\RM_submission\out\Evaluation1_1\WAV_pad\Evaluation1_1rv_CRM1_8_ERM_074_Explosion1_pad.wav,100.0
C:\Users\gurvan.lecuyer\Documents\Code\rm0\scripts\RM_submission\out\Evaluation1_1\WAV_pad\Evaluation1_1rv_CRM1_8_LRA_014_DoubleSharpClick66_pad.wav,100.0
C:\Users\gurvan.lecuyer\Documents\Code\rm0\scripts\RM_submission\out\Evaluation1_1\WAV_pad\Evaluation1_1rv_CRM1_8_LRA_079_Explosion6_pad.wav,100.0
C:\Users\gurvan.lecuyer\Documents\Code\rm0\scripts\RM_submission\out\Evaluation1_1\WAV_pad\Evaluation1_1rv_CRM1_8_Piezo_010_Bounce100_pad.wav,100.0
C:\Users\gurvan.lecuyer\Documents\Code\rm0\scripts\RM_submission\out\Evaluation1_2\WAV_nopad\Evaluation1_2rv_CRM1_16_a1_nopad.wav,100.0
C:\Users\gurvan.lecuyer\Documents\Code\rm0\scripts\RM_submission\out\Evaluation1_2\WAV_nopad\Evaluation1_2rv_CRM1_16_a2_nopad.wav,100.0
C:\Users\gurvan.lecuyer\Documents\Code\rm0\scripts\RM_submission\out\Evaluation1_2\WAV_nopad\Evaluation1_2rv_CRM1_16_a3_nopad.wav,100.0
C:\Users\gurvan.lecuyer\Documents\Code\rm0\scripts\RM_submission\out\Evaluation1_2\WAV_nopad\Evaluation1_2rv_CRM1_16_ERM_068_Alert5_nopad.wav,100.0
C:\Users\gurvan.lecuyer\Documents\Code\rm0\scripts\RM_submission\out\Evaluation1_2\WAV_nopad\Evaluation1_2rv_CRM1_16_LRA_066_Alert3_nopad.wav,100.0
C:\Users\gurvan.lecuyer\Documents\Code\rm0\scripts\RM_submission\out\Evaluation1_2\WAV_nopad\Evaluation1_2rv_CRM1_16_Piezo_073_Alert10_nopad.wav,100.0
C:\Users\gurvan.lecuyer\Documents\Code\rm0\scripts\RM_submission\out\Evaluation1_2\WAV_nopad\Evaluation1_2rv_CRM1_16_Piezo_091_Weapon8_nopad.wav,100.0
C:\Users\gurvan.lecuyer\Documents\Code\rm0\scripts\RM_submission\out\Evaluation1_2\WAV_nopad\Evaluation1_2rv_CRM1_2_a1_nopad.wav,100.0
C:\Users\gurvan.lecuyer\Documents\Code\rm0\scripts\RM_submission\out\Evaluation1_2\WAV_nopad\Evaluation1_2rv_CRM1_2_a2_nopad.wav,100.0
C:\Users\gurvan.lecuyer\Documents\Code\rm0\scripts\RM_submission\out\Evaluation1_2\WAV_nopad\Evaluation1_2rv_CRM1_2_a3_nopad.wav,100.0
C:\Users\gurvan.lecuyer\Documents\Code\rm0\scripts\RM_submission\out\Evaluation1_2\WAV_nopad\Evaluation1_2rv_CRM1_2_ERM_068_Alert5_nopad.wav,100.0
C:\Users\gurvan.lecuyer\Documents\Code\rm0\scripts\RM_submission\out\Evaluation1_2\WAV_nopad\Evaluation1_2rv_CRM1_2_LRA_066_Alert3_nopad.wav,100.0
C:\Users\gurvan.lecuyer\Documents\Code\rm0\scripts\RM_submission\out\Evaluation1_2\WAV_nopad\Evaluation1_2rv_CRM1_2_Piezo_073_Alert10_nopad.wav,100.0
C:\Users\gurvan.lecuyer\Documents\Code\rm0\scripts\RM_submission\out\Evaluation1_2\WAV_nopad\Evaluation1_2rv_CRM1_2_Piezo_091_Weapon8_nopad.wav,100.0
C:\Users\gurvan.lecuyer\Documents\Code\rm0\scripts\RM_submission\out\Evaluation1_2\WAV_nopad\Evaluation1_2rv_CRM1_64_a1_nopad.wav,100.0
C:\Users\gurvan.lecuyer\Documents\Code\rm0\scripts\RM_submission\out\Evaluation1_2\WAV_nopad\Evaluation1_2rv_CRM1_64_a2_nopad.wav,100.0
C:\Users\gurvan.lecuyer\Documents\Code\rm0\scripts\RM_submission\out\Evaluation1_2\WAV_nopad\Evaluation1_2rv_CRM1_64_a3_nopad.wav,100.0
C:\Users\gurvan.lecuyer\Documents\Code\rm0\scripts\RM_submission\out\Evaluation1_2\WAV_nopad\Evaluation1_2rv_CRM1_64_ERM_068_Alert5_nopad.wav,100.0
C:\Users\gurvan.lecuyer\Documents\Code\rm0\scripts\RM_submission\out\Evaluation1_2\WAV_nopad\Evaluation1_2rv_CRM1_64_LRA_066_Alert3_nopad.wav,100.0
C:\Users\gurvan.lecuyer\Documents\Code\rm0\scripts\RM_submission\out\Evaluation1_2\WAV_nopad\Evaluation1_2rv_CRM1_64_Piezo_073_Alert10_nopad.wav,100.0
C:\Users\gurvan.lecuyer\Documents\Code\rm0\scripts\RM_submission\out\Evaluation1_2\WAV_nopad\Evaluation1_2rv_CRM1_64_Piezo_091_Weapon8_nopad.wav,100.0
C:\Users\gurvan.lecuyer\Documents\Code\rm0\scripts\RM_submission\out\Evaluation1_2\WAV_nopad\Evaluation1_2rv_CRM1_8_a1_nopad.wav,100.0
C:\Users\gurvan.lecuyer\Documents\Code\rm0\scripts\RM_submission\out\Evaluation1_2\WAV_nopad\Evaluation1_2rv_CRM1_8_a2_nopad.wav,100.0
C:\Users\gurvan.lecuyer\Documents\Code\rm0\scripts\RM_submission\out\Evaluation1_2\WAV_nopad\Evaluation1_2rv_CRM1_8_a3_nopad.wav,100.0
C:\Users\gurvan.lecuyer\Documents\Code\rm0\scripts\RM_submission\out\Evaluation1_2\WAV_nopad\Evaluation1_2rv_CRM1_8_ERM_068_Alert5_nopad.wav,100.0
C:\Users\gurvan.lecuyer\Documents\Code\rm0\scripts\RM_submission\out\Evaluation1_2\WAV_nopad\Evaluation1_2rv_CRM1_8_LRA_066_Alert3_nopad.wav,100.0
C:\Users\gurvan.lecuyer\Documents\Code\rm0\scripts\RM_submission\out\Evaluation1_2\WAV_nopad\Evaluation1_2rv_CRM1_8_Piezo_073_Alert10_nopad.wav,100.0
C:\Users\gurvan.lecuyer\Documents\Code\rm0\scripts\RM_submission\out\Evaluation1_2\WAV_nopad\Evaluation1_2rv_CRM1_8_Piezo_091_Weapon8_nopad.wav,100.0
C:\Users\gurvan.lecuyer\Documents\Code\rm0\scripts\RM_submission\out\Evaluation1_2\WAV_pad\Evaluation1_2rv_CRM1_16_a1_pad.wav,100.0
C:\Users\gurvan.lecuyer\Documents\Code\rm0\scripts\RM_submission\out\Evaluation1_2\WAV_pad\Evaluation1_2rv_CRM1_16_a2_pad.wav,100.0
C:\Users\gurvan.lecuyer\Documents\Code\rm0\scripts\RM_submission\out\Evaluation1_2\WAV_pad\Evaluation1_2rv_CRM1_16_a3_pad.wav,100.0
C:\Users\gurvan.lecuyer\Documents\Code\rm0\scripts\RM_submission\out\Evaluation1_2\WAV_pad\Evaluation1_2rv_CRM1_16_ERM_068_Alert5_pad.wav,100.0
C:\Users\gurvan.lecuyer\Documents\Code\rm0\scripts\RM_submission\out\Evaluation1_2\WAV_pad\Evaluation1_2rv_CRM1_16_LRA_066_Alert3_pad.wav,100.0
C:\Users\gurvan.lecuyer\Documents\Code\rm0\scripts\RM_submission\out\Evaluation1_2\WAV_pad\Evaluation1_2rv_CRM1_16_Piezo_073_Alert10_pad.wav,100.0
C:\Users\gurvan.lecuyer\Documents\Code\rm0\scripts\RM_submission\out\Evaluation1_2\WAV_pad\Evaluation1_2rv_CRM1_16_Piezo_091_Weapon8_pad.wav,100.0
C:\Users\gurvan.lecuyer\Documents\Code\rm0\scripts\RM_submission\out\Evaluation1_2\WAV_pad\Evaluation1_2rv_CRM1_2_a1_pad.wav,100.0
C:\Users\gurvan.lecuyer\Documents\Code\rm0\scripts\RM_submission\out\Evaluation1_2\WAV_pad\Evaluation1_2rv_CRM1_2_a2_pad.wav,100.0
C:\Users\gurvan.lecuyer\Documents\Code\rm0\scripts\RM_submission\out\Evaluation1_2\WAV_pad\Evaluation1_2rv_CRM1_2_a3_pad.wav,100.0
C:\Users\gurvan.lecuyer\Documents\Code\rm0\scripts\RM_submission\out\Evaluation1_2\WAV_pad\Evaluation1_2rv_CRM1_2_ERM_068_Alert5_pad.wav,100.0
C:\Users\gurvan.lecuyer\Documents\Code\rm0\scripts\RM_submission\out\Evaluation1_2\WAV_pad\Evaluation1_2rv_CRM1_2_LRA_066_Alert3_pad.wav,100.0
C:\Users\gurvan.lecuyer\Documents\Code\rm0\scripts\RM_submission\out\Evaluation1_2\WAV_pad\Evaluation1_2rv_CRM1_2_Piezo_073_Alert10_pad.wav,100.0
C:\Users\gurvan.lecuyer\Documents\Code\rm0\scripts\RM_submission\out\Evaluation1_2\WAV_pad\Evaluation1_2rv_CRM1_2_Piezo_091_Weapon8_pad.wav,100.0
C:\Users\gurvan.lecuyer\Documents\Code\rm0\scripts\RM_submission\out\Evaluation1_2\WAV_pad\Evaluation1_2rv_CRM1_64_a1_pad.wav,100.0
C:\Users\gurvan.lecuyer\Documents\Code\rm0\scripts\RM_submission\out\Evaluation1_2\WAV_pad\Evaluation1_2rv_CRM1_64_a2_pad.wav,100.0
C:\Users\gurvan.lecuyer\Documents\Code\rm0\scripts\RM_submission\out\Evaluation1_2\WAV_pad\Evaluation1_2rv_CRM1_64_a3_pad.wav,100.0
C:\Users\gurvan.lecuyer\Documents\Code\rm0\scripts\RM_submission\out\Evaluation1_2\WAV_pad\Evaluation1_2rv_CRM1_64_ERM_068_Alert5_pad.wav,100.0
C:\Users\gurvan.lecuyer\Documents\Code\rm0\scripts\RM_submission\out\Evaluation1_2\WAV_pad\Evaluation1_2rv_CRM1_64_LRA_066_Alert3_pad.wav,100.0
C:\Users\gurvan.lecuyer\Documents\Code\rm0\scripts\RM_submission\out\Evaluation1_2\WAV_pad\Evaluation1_2rv_CRM1_64_Piezo_073_Alert10_pad.wav,100.0
C:\Users\gurvan.lecuyer\Documents\Code\rm0\scripts\RM_submission\out\Evaluation1_2\WAV_pad\Evaluation1_2rv_CRM1_64_Piezo_091_Weapon8_pad.wav,100.0
C:\Users\gurvan.lecuyer\Documents\Code\rm0\scripts\RM_submission\out\Evaluation1_2\WAV_pad\Evaluation1_2rv_CRM1_8_a1_pad.wav,100.0
C:\Users\gurvan.lecuyer\Documents\Code\rm0\scripts\RM_submission\out\Evaluation1_2\WAV_pad\Evaluation1_2rv_CRM1_8_a2_pad.wav,100.0
C:\Users\gurvan.lecuyer\Documents\Code\rm0\scripts\RM_submission\out\Evaluation1_2\WAV_pad\Evaluation1_2rv_CRM1_8_a3_pad.wav,100.0
C:\Users\gurvan.lecuyer\Documents\Code\rm0\scripts\RM_submission\out\Evaluation1_2\WAV_pad\Evaluation1_2rv_CRM1_8_ERM_068_Alert5_pad.wav,100.0
C:\Users\gurvan.lecuyer\Documents\Code\rm0\scripts\RM_submission\out\Evaluation1_2\WAV_pad\Evaluation1_2rv_CRM1_8_LRA_066_Alert3_pad.wav,100.0
C:\Users\gurvan.lecuyer\Documents\Code\rm0\scripts\RM_submission\out\Evaluation1_2\WAV_pad\Evaluation1_2rv_CRM1_8_Piezo_073_Alert10_pad.wav,100.0
C:\Users\gurvan.lecuyer\Documents\Code\rm0\scripts\RM_submission\out\Evaluation1_2\WAV_pad\Evaluation1_2rv_CRM1_8_Piezo_091_Weapon8_pad.wav,100.0
C:\Users\gurvan.lecuyer\Documents\Code\rm0\scripts\RM_submission\out\Test1_1\WAV_nopad\Test1_1rv_CRM1_16_boing_nopad.wav,100.0
C:\Users\gurvan.lecuyer\Documents\Code\rm0\scripts\RM_submission\out\Test1_1\WAV_nopad\Test1_1rv_CRM1_16_DoubleTick_nopad.wav,100.0
C:\Users\gurvan.lecuyer\Documents\Code\rm0\scripts\RM_submission\out\Test1_1\WAV_nopad\Test1_1rv_CRM1_16_Explosion1_nopad.wav,100.0
C:\Users\gurvan.lecuyer\Documents\Code\rm0\scripts\RM_submission\out\Test1_1\WAV_nopad\Test1_1rv_CRM1_16_FastPulse1_nopad.wav,100.0
C:\Users\gurvan.lecuyer\Documents\Code\rm0\scripts\RM_submission\out\Test1_1\WAV_nopad\Test1_1rv_CRM1_16_Fill1_nopad.wav,100.0
C:\Users\gurvan.lecuyer\Documents\Code\rm0\scripts\RM_submission\out\Test1_1\WAV_nopad\Test1_1rv_CRM1_16_Grain1_nopad.wav,100.0
C:\Users\gurvan.lecuyer\Documents\Code\rm0\scripts\RM_submission\out\Test1_1\WAV_nopad\Test1_1rv_CRM1_16_Sweep1_nopad.wav,100.0
C:\Users\gurvan.lecuyer\Documents\Code\rm0\scripts\RM_submission\out\Test1_1\WAV_nopad\Test1_1rv_CRM1_16_Tick1_nopad.wav,100.0
C:\Users\gurvan.lecuyer\Documents\Code\rm0\scripts\RM_submission\out\Test1_1\WAV_nopad\Test1_1rv_CRM1_2_boing_nopad.wav,100.0
C:\Users\gurvan.lecuyer\Documents\Code\rm0\scripts\RM_submission\out\Test1_1\WAV_nopad\Test1_1rv_CRM1_2_DoubleTick_nopad.wav,100.0
C:\Users\gurvan.lecuyer\Documents\Code\rm0\scripts\RM_submission\out\Test1_1\WAV_nopad\Test1_1rv_CRM1_2_Explosion1_nopad.wav,100.0
C:\Users\gurvan.lecuyer\Documents\Code\rm0\scripts\RM_submission\out\Test1_1\WAV_nopad\Test1_1rv_CRM1_2_FastPulse1_nopad.wav,100.0
C:\Users\gurvan.lecuyer\Documents\Code\rm0\scripts\RM_submission\out\Test1_1\WAV_nopad\Test1_1rv_CRM1_2_Fill1_nopad.wav,100.0
C:\Users\gurvan.lecuyer\Documents\Code\rm0\scripts\RM_submission\out\Test1_1\WAV_nopad\Test1_1rv_CRM1_2_Grain1_nopad.wav,100.0
C:\Users\gurvan.lecuyer\Documents\Code\rm0\scripts\RM_submission\out\Test1_1\WAV_nopad\Test1_1rv_CRM1_2_Sweep1_nopad.wav,100.0
C:\Users\gurvan.lecuyer\Documents\Code\rm0\scripts\RM_submission\out\Test1_1\WAV_nopad\Test1_1rv_CRM1_2_Tick1_nopad.wav,100.0
C:\Users\gurvan.lecuyer\Documents\Code\rm0\scripts\RM_submission\out\Test1_1\WAV_nopad\Test1_1rv_CRM1_64_boing_nopad.wav,100.0
C:\Users\gurvan.lecuyer\Documents\Code\rm0\scripts\RM_submission\out\Test1_1\WAV_nopad\Test1_1rv_CRM1_64_DoubleTick_nopad.wav,100.0
C:\Users\gurvan.lecuyer\Documents\Code\rm0\scripts\RM_submission\out\Test1_1\WAV_nopad\Test1_1rv_CRM1_64_Explosion1_nopad.wav,100.0
C:\Users\gurvan.lecuyer\Documents\Code\rm0\scripts\RM_submission\out\Test1_1\WAV_nopad\Test1_1rv_CRM1_64_FastPulse1_nopad.wav,100.0
C:\Users\gurvan.lecuyer\Documents\Code\rm0\scripts\RM_submission\out\Test1_1\WAV_nopad\Test1_1rv_CRM1_64_Fill1_nopad.wav,100.0
C:\Users\gurvan.lecuyer\Documents\Code\rm0\scripts\RM_submission\out\Test1_1\WAV_nopad\Test1_1rv_CRM1_64_Grain1_nopad.wav,100.0
C:\Users\gurvan.lecuyer\Documents\Code\rm0\scripts\RM_submission\out\Test1_1\WAV_nopad\Test1_1rv_CRM1_64_Sweep1_nopad.wav,100.0
C:\Users\gurvan.lecuyer\Documents\Code\rm0\scripts\RM_submission\out\Test1_1\WAV_nopad\Test1_1rv_CRM1_64_Tick1_nopad.wav,100.0
C:\Users\gurvan.lecuyer\Documents\Code\rm0\scripts\RM_submission\out\Test1_1\WAV_nopad\Test1_1rv_CRM1_8_boing_nopad.wav,100.0
C:\Users\gurvan.lecuyer\Documents\Code\rm0\scripts\RM_submission\out\Test1_1\WAV_nopad\Test1_1rv_CRM1_8_DoubleTick_nopad.wav,100.0
C:\Users\gurvan.lecuyer\Documents\Code\rm0\scripts\RM_submission\out\Test1_1\WAV_nopad\Test1_1rv_CRM1_8_Explosion1_nopad.wav,100.0
C:\Users\gurvan.lecuyer\Documents\Code\rm0\scripts\RM_submission\out\Test1_1\WAV_nopad\Test1_1rv_CRM1_8_FastPulse1_nopad.wav,100.0
C:\Users\gurvan.lecuyer\Documents\Code\rm0\scripts\RM_submission\out\Test1_1\WAV_nopad\Test1_1rv_CRM1_8_Fill1_nopad.wav,100.0
C:\Users\gurvan.lecuyer\Documents\Code\rm0\scripts\RM_submission\out\Test1_1\WAV_nopad\Test1_1rv_CRM1_8_Grain1_nopad.wav,100.0
C:\Users\gurvan.lecuyer\Documents\Code\rm0\scripts\RM_submission\out\Test1_1\WAV_nopad\Test1_1rv_CRM1_8_Sweep1_nopad.wav,100.0
C:\Users\gurvan.lecuyer\Documents\Code\rm0\scripts\RM_submission\out\Test1_1\WAV_nopad\Test1_1rv_CRM1_8_Tick1_nopad.wav,100.0
C:\Users\gurvan.lecuyer\Documents\Code\rm0\scripts\RM_submission\out\Test1_1\WAV_pad\Test1_1rv_CRM1_16_boing_pad.wav,100.0
C:\Users\gurvan.lecuyer\Documents\Code\rm0\scripts\RM_submission\out\Test1_1\WAV_pad\Test1_1rv_CRM1_16_DoubleTick_pad.wav,100.0
C:\Users\gurvan.lecuyer\Documents\Code\rm0\scripts\RM_submission\out\Test1_1\WAV_pad\Test1_1rv_CRM1_16_Explosion1_pad.wav,100.0
C:\Users\gurvan.lecuyer\Documents\Code\rm0\scripts\RM_submission\out\Test1_1\WAV_pad\Test1_1rv_CRM1_16_FastPulse1_pad.wav,100.0
C:\Users\gurvan.lecuyer\Documents\Code\rm0\scripts\RM_submission\out\Test1_1\WAV_pad\Test1_1rv_CRM1_16_Fill1_pad.wav,100.0
C:\Users\gurvan.lecuyer\Documents\Code\rm0\scripts\RM_submission\out\Test1_1\WAV_pad\Test1_1rv_CRM1_16_Grain1_pad.wav,100.0
C:\Users\gurvan.lecuyer\Documents\Code\rm0\scripts\RM_submission\out\Test1_1\WAV_pad\Test1_1rv_CRM1_16_Sweep1_pad.wav,100.0
C:\Users\gurvan.lecuyer\Documents\Code\rm0\scripts\RM_submission\out\Test1_1\WAV_pad\Test1_1rv_CRM1_16_Tick1_pad.wav,100.0
C:\Users\gurvan.lecuyer\Documents\Code\rm0\scripts\RM_submission\out\Test1_1\WAV_pad\Test1_1rv_CRM1_2_boing_pad.wav,100.0
C:\Users\gurvan.lecuyer\Documents\Code\rm0\scripts\RM_submission\out\Test1_1\WAV_pad\Test1_1rv_CRM1_2_DoubleTick_pad.wav,100.0
C:\Users\gurvan.lecuyer\Documents\Code\rm0\scripts\RM_submission\out\Test1_1\WAV_pad\Test1_1rv_CRM1_2_Explosion1_pad.wav,100.0
C:\Users\gurvan.lecuyer\Documents\Code\rm0\scripts\RM_submission\out\Test1_1\WAV_pad\Test1_1rv_CRM1_2_FastPulse1_pad.wav,100.0
C:\Users\gurvan.lecuyer\Documents\Code\rm0\scripts\RM_submission\out\Test1_1\WAV_pad\Test1_1rv_CRM1_2_Fill1_pad.wav,100.0
C:\Users\gurvan.lecuyer\Documents\Code\rm0\scripts\RM_submission\out\Test1_1\WAV_pad\Test1_1rv_CRM1_2_Grain1_pad.wav,100.0
C:\Users\gurvan.lecuyer\Documents\Code\rm0\scripts\RM_submission\out\Test1_1\WAV_pad\Test1_1rv_CRM1_2_Sweep1_pad.wav,100.0
C:\Users\gurvan.lecuyer\Documents\Code\rm0\scripts\RM_submission\out\Test1_1\WAV_pad\Test1_1rv_CRM1_2_Tick1_pad.wav,100.0
C:\Users\gurvan.lecuyer\Documents\Code\rm0\scripts\RM_submission\out\Test1_1\WAV_pad\Test1_1rv_CRM1_64_boing_pad.wav,100.0
C:\Users\gurvan.lecuyer\Documents\Code\rm0\scripts\RM_submission\out\Test1_1\WAV_pad\Test1_1rv_CRM1_64_DoubleTick_pad.wav,100.0
C:\Users\gurvan.lecuyer\Documents\Code\rm0\scripts\RM_submission\out\Test1_1\WAV_pad\Test1_1rv_CRM1_64_Explosion1_pad.wav,100.0
C:\Users\gurvan.lecuyer\Documents\Code\rm0\scripts\RM_submission\out\Test1_1\WAV_pad\Test1_1rv_CRM1_64_FastPulse1_pad.wav,100.0
C:\Users\gurvan.lecuyer\Documents\Code\rm0\scripts\RM_submission\out\Test1_1\WAV_pad\Test1_1rv_CRM1_64_Fill1_pad.wav,100.0
C:\Users\gurvan.lecuyer\Documents\Code\rm0\scripts\RM_submission\out\Test1_1\WAV_pad\Test1_1rv_CRM1_64_Grain1_pad.wav,100.0
C:\Users\gurvan.lecuyer\Documents\Code\rm0\scripts\RM_submission\out\Test1_1\WAV_pad\Test1_1rv_CRM1_64_Sweep1_pad.wav,100.0
C:\Users\gurvan.lecuyer\Documents\Code\rm0\scripts\RM_submission\out\Test1_1\WAV_pad\Test1_1rv_CRM1_64_Tick1_pad.wav,100.0
C:\Users\gurvan.lecuyer\Documents\Code\rm0\scripts\RM_submission\out\Test1_1\WAV_pad\Test1_1rv_CRM1_8_boing_pad.wav,100.0
C:\Users\gurvan.lecuyer\Documents\Code\rm0\scripts\RM_submission\out\Test1_1\WAV_pad\Test1_1rv_CRM1_8_DoubleTick_pad.wav,100.0
C:\Users\gurvan.lecuyer\Documents\Code\rm0\scripts\RM_submission\out\Test1_1\WAV_pad\Test1_1rv_CRM1_8_Explosion1_pad.wav,100.0
C:\Users\gurvan.lecuyer\Documents\Code\rm0\scripts\RM_submission\out\Test1_1\WAV_pad\Test1_1rv_CRM1_8_FastPulse1_pad.wav,100.0
C:\Users\gurvan.lecuyer\Documents\Code\rm0\scripts\RM_submission\out\Test1_1\WAV_pad\Test1_1rv_CRM1_8_Fill1_pad.wav,100.0
C:\Users\gurvan.lecuyer\Documents\Code\rm0\scripts\RM_submission\out\Test1_1\WAV_pad\Test1_1rv_CRM1_8_Grain1_pad.wav,100.0
C:\Users\gurvan.lecuyer\Documents\Code\rm0\scripts\RM_submission\out\Test1_1\WAV_pad\Test1_1rv_CRM1_8_Sweep1_pad.wav,100.0
C:\Users\gurvan.lecuyer\Documents\Code\rm0\scripts\RM_submission\out\Test1_1\WAV_pad\Test1_1rv_CRM1_8_Tick1_pad.wav,100.0
C:\Users\gurvan.lecuyer\Documents\Code\rm0\scripts\RM_submission\out\Test1_2\WAV_nopad\Test1_2rv_CRM1_16_ACTK-vib-pantheongrandstarfall_nopad.wav,100.0
C:\Users\gurvan.lecuyer\Documents\Code\rm0\scripts\RM_submission\out\Test1_2\WAV_nopad\Test1_2rv_CRM1_16_Content1_nopad.wav,100.0
C:\Users\gurvan.lecuyer\Documents\Code\rm0\scripts\RM_submission\out\Test1_2\WAV_nopad\Test1_2rv_CRM1_16_heartbeats_nopad.wav,100.0
C:\Users\gurvan.lecuyer\Documents\Code\rm0\scripts\RM_submission\out\Test1_2\WAV_nopad\Test1_2rv_CRM1_16_inflate_nopad.wav,100.0
C:\Users\gurvan.lecuyer\Documents\Code\rm0\scripts\RM_submission\out\Test1_2\WAV_nopad\Test1_2rv_CRM1_16_oscillate_nopad.wav,100.0
C:\Users\gurvan.lecuyer\Documents\Code\rm0\scripts\RM_submission\out\Test1_2\WAV_nopad\Test1_2rv_CRM1_16_PersTexture1_nopad.wav,100.0
C:\Users\gurvan.lecuyer\Documents\Code\rm0\scripts\RM_submission\out\Test1_2\WAV_nopad\Test1_2rv_CRM1_16_Rain_chan2_nopad.wav,100.0
C:\Users\gurvan.lecuyer\Documents\Code\rm0\scripts\RM_submission\out\Test1_2\WAV_nopad\Test1_2rv_CRM1_16_Rain_nopad.wav,100.0
C:\Users\gurvan.lecuyer\Documents\Code\rm0\scripts\RM_submission\out\Test1_2\WAV_nopad\Test1_2rv_CRM1_16_Ringtone1_nopad.wav,100.0
C:\Users\gurvan.lecuyer\Documents\Code\rm0\scripts\RM_submission\out\Test1_2\WAV_nopad\Test1_2rv_CRM1_16_rumble_nopad.wav,100.0
C:\Users\gurvan.lecuyer\Documents\Code\rm0\scripts\RM_submission\out\Test1_2\WAV_nopad\Test1_2rv_CRM1_16_Towel_nopad.wav,100.0
C:\Users\gurvan.lecuyer\Documents\Code\rm0\scripts\RM_submission\out\Test1_2\WAV_nopad\Test1_2rv_CRM1_16_Weapon1_nopad.wav,100.0
C:\Users\gurvan.lecuyer\Documents\Code\rm0\scripts\RM_submission\out\Test1_2\WAV_nopad\Test1_2rv_CRM1_2_ACTK-vib-pantheongrandstarfall_nopad.wav,100.0
C:\Users\gurvan.lecuyer\Documents\Code\rm0\scripts\RM_submission\out\Test1_2\WAV_nopad\Test1_2rv_CRM1_2_Content1_nopad.wav,100.0
C:\Users\gurvan.lecuyer\Documents\Code\rm0\scripts\RM_submission\out\Test1_2\WAV_nopad\Test1_2rv_CRM1_2_heartbeats_nopad.wav,100.0
C:\Users\gurvan.lecuyer\Documents\Code\rm0\scripts\RM_submission\out\Test1_2\WAV_nopad\Test1_2rv_CRM1_2_inflate_nopad.wav,100.0
C:\Users\gurvan.lecuyer\Documents\Code\rm0\scripts\RM_submission\out\Test1_2\WAV_nopad\Test1_2rv_CRM1_2_oscillate_nopad.wav,100.0
C:\Users\gurvan.lecuyer\Documents\Code\rm0\scripts\RM_submission\out\Test1_2\WAV_nopad\Test1_2rv_CRM1_2_PersTexture1_nopad.wav,100.0
C:\Users\gurvan.lecuyer\Documents\Code\rm0\scripts\RM_submission\out\Test1_2\WAV_nopad\Test1_2rv_CRM1_2_Rain_chan2_nopad.wav,100.0
C:\Users\gurvan.lecuyer\Documents\Code\rm0\scripts\RM_submission\out\Test1_2\WAV_nopad\Test1_2rv_CRM1_2_Rain_nopad.wav,100.0
C:\Users\gurvan.lecuyer\Documents\Code\rm0\scripts\RM_submission\out\Test1_2\WAV_nopad\Test1_2rv_CRM1_2_Ringtone1_nopad.wav,100.0
C:\Users\gurvan.lecuyer\Documents\Code\rm0\scripts\RM_submission\out\Test1_2\WAV_nopad\Test1_2rv_CRM1_2_rumble_nopad.wav,100.0
C:\Users\gurvan.lecuyer\Documents\Code\rm0\scripts\RM_submission\out\Test1_2\WAV_nopad\Test1_2rv_CRM1_2_Towel_nopad.wav,100.0
C:\Users\gurvan.lecuyer\Documents\Code\rm0\scripts\RM_submission\out\Test1_2\WAV_nopad\Test1_2rv_CRM1_2_Weapon1_nopad.wav,100.0
C:\Users\gurvan.lecuyer\Documents\Code\rm0\scripts\RM_submission\out\Test1_2\WAV_nopad\Test1_2rv_CRM1_64_ACTK-vib-pantheongrandstarfall_nopad.wav,100.0
C:\Users\gurvan.lecuyer\Documents\Code\rm0\scripts\RM_submission\out\Test1_2\WAV_nopad\Test1_2rv_CRM1_64_Content1_nopad.wav,100.0
C:\Users\gurvan.lecuyer\Documents\Code\rm0\scripts\RM_submission\out\Test1_2\WAV_nopad\Test1_2rv_CRM1_64_heartbeats_nopad.wav,100.0
C:\Users\gurvan.lecuyer\Documents\Code\rm0\scripts\RM_submission\out\Test1_2\WAV_nopad\Test1_2rv_CRM1_64_inflate_nopad.wav,100.0
C:\Users\gurvan.lecuyer\Documents\Code\rm0\scripts\RM_submission\out\Test1_2\WAV_nopad\Test1_2rv_CRM1_64_oscillate_nopad.wav,100.0
C:\Users\gurvan.lecuyer\Documents\Code\rm0\scripts\RM_submission\out\Test1_2\WAV_nopad\Test1_2rv_CRM1_64_PersTexture1_nopad.wav,100.0
C:\Users\gurvan.lecuyer\Documents\Code\rm0\scripts\RM_submission\out\Test1_2\WAV_nopad\Test1_2rv_CRM1_64_Rain_chan2_nopad.wav,100.0
C:\Users\gurvan.lecuyer\Documents\Code\rm0\scripts\RM_submission\out\Test1_2\WAV_nopad\Test1_2rv_CRM1_64_Rain_nopad.wav,100.0
C:\Users\gurvan.lecuyer\Documents\Code\rm0\scripts\RM_submission\out\Test1_2\WAV_nopad\Test1_2rv_CRM1_64_Ringtone1_nopad.wav,100.0
C:\Users\gurvan.lecuyer\Documents\Code\rm0\scripts\RM_submission\out\Test1_2\WAV_nopad\Test1_2rv_CRM1_64_rumble_nopad.wav,100.0
C:\Users\gurvan.lecuyer\Documents\Code\rm0\scripts\RM_submission\out\Test1_2\WAV_nopad\Test1_2rv_CRM1_64_Towel_nopad.wav,100.0
C:\Users\gurvan.lecuyer\Documents\Code\rm0\scripts\RM_submission\out\Test1_2\WAV_nopad\Test1_2rv_CRM1_64_Weapon1_nopad.wav,100.0
C:\Users\gurvan.lecuyer\Documents\Code\rm0\scripts\RM_submission\out\Test1_2\WAV_nopad\Test1_2rv_CRM1_8_ACTK-vib-pantheongrandstarfall_nopad.wav,100.0
C:\Users\gurvan.lecuyer\Documents\Code\rm0\scripts\RM_submission\out\Test1_2\WAV_nopad\Test1_2rv_CRM1_8_Content1_nopad.wav,100.0
C:\Users\gurvan.lecuyer\Documents\Code\rm0\scripts\RM_submission\out\Test1_2\WAV_nopad\Test1_2rv_CRM1_8_heartbeats_nopad.wav,100.0
C:\Users\gurvan.lecuyer\Documents\Code\rm0\scripts\RM_submission\out\Test1_2\WAV_nopad\Test1_2rv_CRM1_8_inflate_nopad.wav,100.0
C:\Users\gurvan.lecuyer\Documents\Code\rm0\scripts\RM_submission\out\Test1_2\WAV_nopad\Test1_2rv_CRM1_8_oscillate_nopad.wav,100.0
C:\Users\gurvan.lecuyer\Documents\Code\rm0\scripts\RM_submission\out\Test1_2\WAV_nopad\Test1_2rv_CRM1_8_PersTexture1_nopad.wav,100.0
C:\Users\gurvan.lecuyer\Documents\Code\rm0\scripts\RM_submission\out\Test1_2\WAV_nopad\Test1_2rv_CRM1_8_Rain_chan2_nopad.wav,100.0
C:\Users\gurvan.lecuyer\Documents\Code\rm0\scripts\RM_submission\out\Test1_2\WAV_nopad\Test1_2rv_CRM1_8_Rain_nopad.wav,100.0
C:\Users\gurvan.lecuyer\Documents\Code\rm0\scripts\RM_submission\out\Test1_2\WAV_nopad\Test1_2rv_CRM1_8_Ringtone1_nopad.wav,100.0
C:\Users\gurvan.lecuyer\Documents\Code\rm0\scripts\RM_submission\out\Test1_2\WAV_nopad\Test1_2rv_CRM1_8_rumble_nopad.wav,100.0
C:\Users\gurvan.lecuyer\Documents\Code\rm0\scripts\RM_submission\out\Test1_2\WAV_nopad\Test1_2rv_CRM1_8_Towel_nopad.wav,100.0
C:\Users\gurvan.lecuyer\Documents\Code\rm0\scripts\RM_submission\out\Test1_2\WAV_nopad\Test1_2rv_CRM1_8_Weapon1_nopad.wav,100.0
C:\Users\gurvan.lecuyer\Documents\Code\rm0\scripts\RM_submission\out\Test1_2\WAV_pad\Test1_2rv_CRM1_16_ACTK-vib-pantheongrandstarfall_pad.wav,100.0
C:\Users\gurvan.lecuyer\Documents\Code\rm0\scripts\RM_submission\out\Test1_2\WAV_pad\Test1_2rv_CRM1_16_Content1_pad.wav,100.0
C:\Users\gurvan.lecuyer\Documents\Code\rm0\scripts\RM_submission\out\Test1_2\WAV_pad\Test1_2rv_CRM1_16_heartbeats_pad.wav,100.0
C:\Users\gurvan.lecuyer\Documents\Code\rm0\scripts\RM_submission\out\Test1_2\WAV_pad\Test1_2rv_CRM1_16_inflate_pad.wav,100.0
C:\Users\gurvan.lecuyer\Documents\Code\rm0\scripts\RM_submission\out\Test1_2\WAV_pad\Test1_2rv_CRM1_16_oscillate_pad.wav,100.0
C:\Users\gurvan.lecuyer\Documents\Code\rm0\scripts\RM_submission\out\Test1_2\WAV_pad\Test1_2rv_CRM1_16_PersTexture1_pad.wav,100.0
C:\Users\gurvan.lecuyer\Documents\Code\rm0\scripts\RM_submission\out\Test1_2\WAV_pad\Test1_2rv_CRM1_16_Rain_chan2_pad.wav,100.0
C:\Users\gurvan.lecuyer\Documents\Code\rm0\scripts\RM_submission\out\Test1_2\WAV_pad\Test1_2rv_CRM1_16_Rain_pad.wav,100.0
C:\Users\gurvan.lecuyer\Documents\Code\rm0\scripts\RM_submission\out\Test1_2\WAV_pad\Test1_2rv_CRM1_16_Ringtone1_pad.wav,100.0
C:\Users\gurvan.lecuyer\Documents\Code\rm0\scripts\RM_submission\out\Test1_2\WAV_pad\Test1_2rv_CRM1_16_rumble_pad.wav,100.0
C:\Users\gurvan.lecuyer\Documents\Code\rm0\scripts\RM_submission\out\Test1_2\WAV_pad\Test1_2rv_CRM1_16_Towel_pad.wav,100.0
C:\Users\gurvan.lecuyer\Documents\Code\rm0\scripts\RM_submission\out\Test1_2\WAV_pad\Test1_2rv_CRM1_16_Weapon1_pad.wav,100.0
C:\Users\gurvan.lecuyer\Documents\Code\rm0\scripts\RM_submission\out\Test1_2\WAV_pad\Test1_2rv_CRM1_2_ACTK-vib-pantheongrandstarfall_pad.wav,100.0
C:\Users\gurvan.lecuyer\Documents\Code\rm0\scripts\RM_submission\out\Test1_2\WAV_pad\Test1_2rv_CRM1_2_Content1_pad.wav,100.0
C:\Users\gurvan.lecuyer\Documents\Code\rm0\scripts\RM_submission\out\Test1_2\WAV_pad\Test1_2rv_CRM1_2_heartbeats_pad.wav,100.0
C:\Users\gurvan.lecuyer\Documents\Code\rm0\scripts\RM_submission\out\Test1_2\WAV_pad\Test1_2rv_CRM1_2_inflate_pad.wav,100.0
C:\Users\gurvan.lecuyer\Documents\Code\rm0\scripts\RM_submission\out\Test1_2\WAV_pad\Test1_2rv_CRM1_2_oscillate_pad.wav,100.0
C:\Users\gurvan.lecuyer\Documents\Code\rm0\scripts\RM_submission\out\Test1_2\WAV_pad\Test1_2rv_CRM1_2_PersTexture1_pad.wav,100.0
C:\Users\gurvan.lecuyer\Documents\Code\rm0\scripts\RM_submission\out\Test1_2\WAV_pad\Test1_2rv_CRM1_2_Rain_chan2_pad.wav,100.0
C:\Users\gurvan.lecuyer\Documents\Code\rm0\scripts\RM_submission\out\Test1_2\WAV_pad\Test1_2rv_CRM1_2_Rain_pad.wav,100.0
C:\Users\gurvan.lecuyer\Documents\Code\rm0\scripts\RM_submission\out\Test1_2\WAV_pad\Test1_2rv_CRM1_2_Ringtone1_pad.wav,100.0
C:\Users\gurvan.lecuyer\Documents\Code\rm0\scripts\RM_submission\out\Test1_2\WAV_pad\Test1_2rv_CRM1_2_rumble_pad.wav,100.0
C:\Users\gurvan.lecuyer\Documents\Code\rm0\scripts\RM_submission\out\Test1_2\WAV_pad\Test1_2rv_CRM1_2_Towel_pad.wav,100.0
C:\Users\gurvan.lecuyer\Documents\Code\rm0\scripts\RM_submission\out\Test1_2\WAV_pad\Test1_2rv_CRM1_2_Weapon1_pad.wav,100.0
C:\Users\gurvan.lecuyer\Documents\Code\rm0\scripts\RM_submission\out\Test1_2\WAV_pad\Test1_2rv_CRM1_64_ACTK-vib-pantheongrandstarfall_pad.wav,100.0
C:\Users\gurvan.lecuyer\Documents\Code\rm0\scripts\RM_submission\out\Test1_2\WAV_pad\Test1_2rv_CRM1_64_Content1_pad.wav,100.0
C:\Users\gurvan.lecuyer\Documents\Code\rm0\scripts\RM_submission\out\Test1_2\WAV_pad\Test1_2rv_CRM1_64_heartbeats_pad.wav,100.0
C:\Users\gurvan.lecuyer\Documents\Code\rm0\scripts\RM_submission\out\Test1_2\WAV_pad\Test1_2rv_CRM1_64_inflate_pad.wav,100.0
C:\Users\gurvan.lecuyer\Documents\Code\rm0\scripts\RM_submission\out\Test1_2\WAV_pad\Test1_2rv_CRM1_64_oscillate_pad.wav,100.0
C:\Users\gurvan.lecuyer\Documents\Code\rm0\scripts\RM_submission\out\Test1_2\WAV_pad\Test1_2rv_CRM1_64_PersTexture1_pad.wav,100.0
C:\Users\gurvan.lecuyer\Documents\Code\rm0\scripts\RM_submission\out\Test1_2\WAV_pad\Test1_2rv_CRM1_64_Rain_chan2_pad.wav,100.0
C:\Users\gurvan.lecuyer\Documents\Code\rm0\scripts\RM_submission\out\Test1_2\WAV_pad\Test1_2rv_CRM1_64_Rain_pad.wav,100.0
C:\Users\gurvan.lecuyer\Documents\Code\rm0\scripts\RM_submission\out\Test1_2\WAV_pad\Test1_2rv_CRM1_64_Ringtone1_pad.wav,100.0
C:\Users\gurvan.lecuyer\Documents\Code\rm0\scripts\RM_submission\out\Test1_2\WAV_pad\Test1_2rv_CRM1_64_rumble_pad.wav,100.0
C:\Users\gurvan.lecuyer\Documents\Code\rm0\scripts\RM_submission\out\Test1_2\WAV_pad\Test1_2rv_CRM1_64_Towel_pad.wav,100.0
C:\Users\gurvan.lecuyer\Documents\Code\rm0\scripts\RM_submission\out\Test1_2\WAV_pad\Test1_2rv_CRM1_64_Weapon1_pad.wav,100.0
C:\Users\gurvan.lecuyer\Documents\Code\rm0\scripts\RM_submission\out\Test1_2\WAV_pad\Test1_2rv_CRM1_8_ACTK-vib-pantheongrandstarfall_pad.wav,100.0
C:\Users\gurvan.lecuyer\Documents\Code\rm0\scripts\RM_submission\out\Test1_2\WAV_pad\Test1_2rv_CRM1_8_Content1_pad.wav,100.0
C:\Users\gurvan.lecuyer\Documents\Code\rm0\scripts\RM_submission\out\Test1_2\WAV_pad\Test1_2rv_CRM1_8_heartbeats_pad.wav,100.0
C:\Users\gurvan.lecuyer\Documents\Code\rm0\scripts\RM_submission\out\Test1_2\WAV_pad\Test1_2rv_CRM1_8_inflate_pad.wav,100.0
C:\Users\gurvan.lecuyer\Documents\Code\rm0\scripts\RM_submission\out\Test1_2\WAV_pad\Test1_2rv_CRM1_8_oscillate_pad.wav,100.0
C:\Users\gurvan.lecuyer\Documents\Code\rm0\scripts\RM_submission\out\Test1_2\WAV_pad\Test1_2rv_CRM1_8_PersTexture1_pad.wav,100.0
C:\Users\gurvan.lecuyer\Documents\Code\rm0\scripts\RM_submission\out\Test1_2\WAV_pad\Test1_2rv_CRM1_8_Rain_chan2_pad.wav,100.0
C:\Users\gurvan.lecuyer\Documents\Code\rm0\scripts\RM_submission\out\Test1_2\WAV_pad\Test1_2rv_CRM1_8_Rain_pad.wav,100.0
C:\Users\gurvan.lecuyer\Documents\Code\rm0\scripts\RM_submission\out\Test1_2\WAV_pad\Test1_2rv_CRM1_8_Ringtone1_pad.wav,100.0
C:\Users\gurvan.lecuyer\Documents\Code\rm0\scripts\RM_submission\out\Test1_2\WAV_pad\Test1_2rv_CRM1_8_rumble_pad.wav,100.0
C:\Users\gurvan.lecuyer\Documents\Code\rm0\scripts\RM_submission\out\Test1_2\WAV_pad\Test1_2rv_CRM1_8_Towel_pad.wav,100.0
C:\Users\gurvan.lecuyer\Documents\Code\rm0\scripts\RM_submission\out\Test1_2\WAV_pad\Test1_2rv_CRM1_8_Weapon1_pad.wav,100.0
C:\Users\gurvan.lecuyer\Documents\Code\rm0\scripts\RM_submission\out\Test1_3\WAV_nopad\Test1_3rv_CRM1_16_BigBuckBunny_nopad.wav,100.0
C:\Users\gurvan.lecuyer\Documents\Code\rm0\scripts\RM_submission\out\Test1_3\WAV_nopad\Test1_3rv_CRM1_16_BikeRiding_nopad.wav,100.0
C:\Users\gurvan.lecuyer\Documents\Code\rm0\scripts\RM_submission\out\Test1_3\WAV_nopad\Test1_3rv_CRM1_16_ForceXFast_nopad.wav,100.0
C:\Users\gurvan.lecuyer\Documents\Code\rm0\scripts\RM_submission\out\Test1_3\WAV_nopad\Test1_3rv_CRM1_16_ForceXSlow_nopad.wav,100.0
C:\Users\gurvan.lecuyer\Documents\Code\rm0\scripts\RM_submission\out\Test1_3\WAV_nopad\Test1_3rv_CRM1_16_ForceYFast_nopad.wav,100.0
C:\Users\gurvan.lecuyer\Documents\Code\rm0\scripts\RM_submission\out\Test1_3\WAV_nopad\Test1_3rv_CRM1_16_ForceYSlow_nopad.wav,100.0
C:\Users\gurvan.lecuyer\Documents\Code\rm0\scripts\RM_submission\out\Test1_3\WAV_nopad\Test1_3rv_CRM1_16_ForceZFast_nopad.wav,100.0
C:\Users\gurvan.lecuyer\Documents\Code\rm0\scripts\RM_submission\out\Test1_3\WAV_nopad\Test1_3rv_CRM1_16_ForceZSlow_nopad.wav,100.0
C:\Users\gurvan.lecuyer\Documents\Code\rm0\scripts\RM_submission\out\Test1_3\WAV_nopad\Test1_3rv_CRM1_16_HorseRiding_nopad.wav,100.0
C:\Users\gurvan.lecuyer\Documents\Code\rm0\scripts\RM_submission\out\Test1_3\WAV_nopad\Test1_3rv_CRM1_16_Rollercoaster_nopad.wav,100.0
C:\Users\gurvan.lecuyer\Documents\Code\rm0\scripts\RM_submission\out\Test1_3\WAV_nopad\Test1_3rv_CRM1_2_BigBuckBunny_nopad.wav,100.0
C:\Users\gurvan.lecuyer\Documents\Code\rm0\scripts\RM_submission\out\Test1_3\WAV_nopad\Test1_3rv_CRM1_2_BikeRiding_nopad.wav,100.0
C:\Users\gurvan.lecuyer\Documents\Code\rm0\scripts\RM_submission\out\Test1_3\WAV_nopad\Test1_3rv_CRM1_2_ForceXFast_nopad.wav,100.0
C:\Users\gurvan.lecuyer\Documents\Code\rm0\scripts\RM_submission\out\Test1_3\WAV_nopad\Test1_3rv_CRM1_2_ForceXSlow_nopad.wav,100.0
C:\Users\gurvan.lecuyer\Documents\Code\rm0\scripts\RM_submission\out\Test1_3\WAV_nopad\Test1_3rv_CRM1_2_ForceYFast_nopad.wav,100.0
C:\Users\gurvan.lecuyer\Documents\Code\rm0\scripts\RM_submission\out\Test1_3\WAV_nopad\Test1_3rv_CRM1_2_ForceYSlow_nopad.wav,100.0
C:\Users\gurvan.lecuyer\Documents\Code\rm0\scripts\RM_submission\out\Test1_3\WAV_nopad\Test1_3rv_CRM1_2_ForceZFast_nopad.wav,100.0
C:\Users\gurvan.lecuyer\Documents\Code\rm0\scripts\RM_submission\out\Test1_3\WAV_nopad\Test1_3rv_CRM1_2_ForceZSlow_nopad.wav,100.0
C:\Users\gurvan.lecuyer\Documents\Code\rm0\scripts\RM_submission\out\Test1_3\WAV_nopad\Test1_3rv_CRM1_2_HorseRiding_nopad.wav,100.0
C:\Users\gurvan.lecuyer\Documents\Code\rm0\scripts\RM_submission\out\Test1_3\WAV_nopad\Test1_3rv_CRM1_2_Rollercoaster_nopad.wav,100.0
C:\Users\gurvan.lecuyer\Documents\Code\rm0\scripts\RM_submission\out\Test1_3\WAV_nopad\Test1_3rv_CRM1_64_BigBuckBunny_nopad.wav,100.0
C:\Users\gurvan.lecuyer\Documents\Code\rm0\scripts\RM_submission\out\Test1_3\WAV_nopad\Test1_3rv_CRM1_64_BikeRiding_nopad.wav,100.0
C:\Users\gurvan.lecuyer\Documents\Code\rm0\scripts\RM_submission\out\Test1_3\WAV_nopad\Test1_3rv_CRM1_64_ForceXFast_nopad.wav,100.0
C:\Users\gurvan.lecuyer\Documents\Code\rm0\scripts\RM_submission\out\Test1_3\WAV_nopad\Test1_3rv_CRM1_64_ForceXSlow_nopad.wav,100.0
C:\Users\gurvan.lecuyer\Documents\Code\rm0\scripts\RM_submission\out\Test1_3\WAV_nopad\Test1_3rv_CRM1_64_ForceYFast_nopad.wav,100.0
C:\Users\gurvan.lecuyer\Documents\Code\rm0\scripts\RM_submission\out\Test1_3\WAV_nopad\Test1_3rv_CRM1_64_ForceYSlow_nopad.wav,100.0
C:\Users\gurvan.lecuyer\Documents\Code\rm0\scripts\RM_submission\out\Test1_3\WAV_nopad\Test1_3rv_CRM1_64_ForceZFast_nopad.wav,100.0
C:\Users\gurvan.lecuyer\Documents\Code\rm0\scripts\RM_submission\out\Test1_3\WAV_nopad\Test1_3rv_CRM1_64_ForceZSlow_nopad.wav,100.0
C:\Users\gurvan.lecuyer\Documents\Code\rm0\scripts\RM_submission\out\Test1_3\WAV_nopad\Test1_3rv_CRM1_64_HorseRiding_nopad.wav,100.0
C:\Users\gurvan.lecuyer\Documents\Code\rm0\scripts\RM_submission\out\Test1_3\WAV_nopad\Test1_3rv_CRM1_64_Rollercoaster_nopad.wav,100.0
C:\Users\gurvan.lecuyer\Documents\Code\rm0\scripts\RM_submission\out\Test1_3\WAV_nopad\Test1_3rv_CRM1_8_BigBuckBunny_nopad.wav,100.0
C:\Users\gurvan.lecuyer\Documents\Code\rm0\scripts\RM_submission\out\Test1_3\WAV_nopad\Test1_3rv_CRM1_8_BikeRiding_nopad.wav,100.0
C:\Users\gurvan.lecuyer\Documents\Code\rm0\scripts\RM_submission\out\Test1_3\WAV_nopad\Test1_3rv_CRM1_8_ForceXFast_nopad.wav,100.0
C:\Users\gurvan.lecuyer\Documents\Code\rm0\scripts\RM_submission\out\Test1_3\WAV_nopad\Test1_3rv_CRM1_8_ForceXSlow_nopad.wav,100.0
C:\Users\gurvan.lecuyer\Documents\Code\rm0\scripts\RM_submission\out\Test1_3\WAV_nopad\Test1_3rv_CRM1_8_ForceYFast_nopad.wav,100.0
C:\Users\gurvan.lecuyer\Documents\Code\rm0\scripts\RM_submission\out\Test1_3\WAV_nopad\Test1_3rv_CRM1_8_ForceYSlow_nopad.wav,100.0
C:\Users\gurvan.lecuyer\Documents\Code\rm0\scripts\RM_submission\out\Test1_3\WAV_nopad\Test1_3rv_CRM1_8_ForceZFast_nopad.wav,100.0
C:\Users\gurvan.lecuyer\Documents\Code\rm0\scripts\RM_submission\out\Test1_3\WAV_nopad\Test1_3rv_CRM1_8_ForceZSlow_nopad.wav,100.0
C:\Users\gurvan.lecuyer\Documents\Code\rm0\scripts\RM_submission\out\Test1_3\WAV_nopad\Test1_3rv_CRM1_8_HorseRiding_nopad.wav,100.0
C:\Users\gurvan.lecuyer\Documents\Code\rm0\scripts\RM_submission\out\Test1_3\WAV_nopad\Test1_3rv_CRM1_8_Rollercoaster_nopad.wav,100.0
C:\Users\gurvan.lecuyer\Documents\Code\rm0\scripts\RM_submission\out\Test1_3\WAV_pad\Test1_3rv_CRM1_16_BigBuckBunny_pad.wav,100.0
C:\Users\gurvan.lecuyer\Documents\Code\rm0\scripts\RM_submission\out\Test1_3\WAV_pad\Test1_3rv_CRM1_16_BikeRiding_pad.wav,100.0
C:\Users\gurvan.lecuyer\Documents\Code\rm0\scripts\RM_submission\out\Test1_3\WAV_pad\Test1_3rv_CRM1_16_ForceXFast_pad.wav,100.0
C:\Users\gurvan.lecuyer\Documents\Code\rm0\scripts\RM_submission\out\Test1_3\WAV_pad\Test1_3rv_CRM1_16_ForceXSlow_pad.wav,100.0
C:\Users\gurvan.lecuyer\Documents\Code\rm0\scripts\RM_submission\out\Test1_3\WAV_pad\Test1_3rv_CRM1_16_ForceYFast_pad.wav,100.0
C:\Users\gurvan.lecuyer\Documents\Code\rm0\scripts\RM_submission\out\Test1_3\WAV_pad\Test1_3rv_CRM1_16_ForceYSlow_pad.wav,100.0
C:\Users\gurvan.lecuyer\Documents\Code\rm0\scripts\RM_submission\out\Test1_3\WAV_pad\Test1_3rv_CRM1_16_ForceZFast_pad.wav,100.0
C:\Users\gurvan.lecuyer\Documents\Code\rm0\scripts\RM_submission\out\Test1_3\WAV_pad\Test1_3rv_CRM1_16_ForceZSlow_pad.wav,100.0
C:\Users\gurvan.lecuyer\Documents\Code\rm0\scripts\RM_submission\out\Test1_3\WAV_pad\Test1_3rv_CRM1_16_HorseRiding_pad.wav,100.0
C:\Users\gurvan.lecuyer\Documents\Code\rm0\scripts\RM_submission\out\Test1_3\WAV_pad\Test1_3rv_CRM1_16_Rollercoaster_pad.wav,100.0
C:\Users\gurvan.lecuyer\Documents\Code\rm0\scripts\RM_submission\out\Test1_3\WAV_pad\Test1_3rv_CRM1_2_BigBuckBunny_pad.wav,100.0
C:\Users\gurvan.lecuyer\Documents\Code\rm0\scripts\RM_submission\out\Test1_3\WAV_pad\Test1_3rv_CRM1_2_BikeRiding_pad.wav,100.0
C:\Users\gurvan.lecuyer\Documents\Code\rm0\scripts\RM_submission\out\Test1_3\WAV_pad\Test1_3rv_CRM1_2_ForceXFast_pad.wav,100.0
C:\Users\gurvan.lecuyer\Documents\Code\rm0\scripts\RM_submission\out\Test1_3\WAV_pad\Test1_3rv_CRM1_2_ForceXSlow_pad.wav,100.0
C:\Users\gurvan.lecuyer\Documents\Code\rm0\scripts\RM_submission\out\Test1_3\WAV_pad\Test1_3rv_CRM1_2_ForceYFast_pad.wav,100.0
C:\Users\gurvan.lecuyer\Documents\Code\rm0\scripts\RM_submission\out\Test1_3\WAV_pad\Test1_3rv_CRM1_2_ForceYSlow_pad.wav,100.0
C:\Users\gurvan.lecuyer\Documents\Code\rm0\scripts\RM_submission\out\Test1_3\WAV_pad\Test1_3rv_CRM1_2_ForceZFast_pad.wav,100.0
C:\Users\gurvan.lecuyer\Documents\Code\rm0\scripts\RM_submission\out\Test1_3\WAV_pad\Test1_3rv_CRM1_2_ForceZSlow_pad.wav,100.0
C:\Users\gurvan.lecuyer\Documents\Code\rm0\scripts\RM_submission\out\Test1_3\WAV_pad\Test1_3rv_CRM1_2_HorseRiding_pad.wav,100.0
C:\Users\gurvan.lecuyer\Documents\Code\rm0\scripts\RM_submission\out\Test1_3\WAV_pad\Test1_3rv_CRM1_2_Rollercoaster_pad.wav,100.0
C:\Users\gurvan.lecuyer\Documents\Code\rm0\scripts\RM_submission\out\Test1_3\WAV_pad\Test1_3rv_CRM1_64_BigBuckBunny_pad.wav,100.0
C:\Users\gurvan.lecuyer\Documents\Code\rm0\scripts\RM_submission\out\Test1_3\WAV_pad\Test1_3rv_CRM1_64_BikeRiding_pad.wav,100.0
C:\Users\gurvan.lecuyer\Documents\Code\rm0\scripts\RM_submission\out\Test1_3\WAV_pad\Test1_3rv_CRM1_64_ForceXFast_pad.wav,100.0
C:\Users\gurvan.lecuyer\Documents\Code\rm0\scripts\RM_submission\out\Test1_3\WAV_pad\Test1_3rv_CRM1_64_ForceXSlow_pad.wav,100.0
C:\Users\gurvan.lecuyer\Documents\Code\rm0\scripts\RM_submission\out\Test1_3\WAV_pad\Test1_3rv_CRM1_64_ForceYFast_pad.wav,100.0
C:\Users\gurvan.lecuyer\Documents\Code\rm0\scripts\RM_submission\out\Test1_3\WAV_pad\Test1_3rv_CRM1_64_ForceYSlow_pad.wav,100.0
C:\Users\gurvan.lecuyer\Documents\Code\rm0\scripts\RM_submission\out\Test1_3\WAV_pad\Test1_3rv_CRM1_64_ForceZFast_pad.wav,100.0
C:\Users\gurvan.lecuyer\Documents\Code\rm0\scripts\RM_submission\out\Test1_3\WAV_pad\Test1_3rv_CRM1_64_ForceZSlow_pad.wav,100.0
C:\Users\gurvan.lecuyer\Documents\Code\rm0\scripts\RM_submission\out\Test1_3\WAV_pad\Test1_3rv_CRM1_64_HorseRiding_pad.wav,100.0
C:\Users\gurvan.lecuyer\Documents\Code\rm0\scripts\RM_submission\out\Test1_3\WAV_pad\Test1_3rv_CRM1_64_Rollercoaster_pad.wav,100.0
C:\Users\gurvan.lecuyer\Documents\Code\rm0\scripts\RM_submission\out\Test1_3\WAV_pad\Test1_3rv_CRM1_8_BigBuckBunny_pad.wav,100.0
C:\Users\gurvan.lecuyer\Documents\Code\rm0\scripts\RM_submission\out\Test1_3\WAV_pad\Test1_3rv_CRM1_8_BikeRiding_pad.wav,100.0
C:\Users\gurvan.lecuyer\Documents\Code\rm0\scripts\RM_submission\out\Test1_3\WAV_pad\Test1_3rv_CRM1_8_ForceXFast_pad.wav,100.0
C:\Users\gurvan.lecuyer\Documents\Code\rm0\scripts\RM_submission\out\Test1_3\WAV_pad\Test1_3rv_CRM1_8_ForceXSlow_pad.wav,100.0
C:\Users\gurvan.lecuyer\Documents\Code\rm0\scripts\RM_submission\out\Test1_3\WAV_pad\Test1_3rv_CRM1_8_ForceYFast_pad.wav,100.0
C:\Users\gurvan.lecuyer\Documents\Code\rm0\scripts\RM_submission\out\Test1_3\WAV_pad\Test1_3rv_CRM1_8_ForceYSlow_pad.wav,100.0
C:\Users\gurvan.lecuyer\Documents\Code\rm0\scripts\RM_submission\out\Test1_3\WAV_pad\Test1_3rv_CRM1_8_ForceZFast_pad.wav,100.0
C:\Users\gurvan.lecuyer\Documents\Code\rm0\scripts\RM_submission\out\Test1_3\WAV_pad\Test1_3rv_CRM1_8_ForceZSlow_pad.wav,100.0
C:\Users\gurvan.lecuyer\Documents\Code\rm0\scripts\RM_submission\out\Test1_3\WAV_pad\Test1_3rv_CRM1_8_HorseRiding_pad.wav,100.0
C:\Users\gurvan.lecuyer\Documents\Code\rm0\scripts\RM_submission\out\Test1_3\WAV_pad\Test1_3rv_CRM1_8_Rollercoaster_pad.wav,100.0
C:\Users\gurvan.lecuyer\Documents\Code\rm0\scripts\RM_submission\out\Training1_1\WAV_nopad\Training1_1rv_CRM1_16_Explosion3_nopad.wav,100.0
C:\Users\gurvan.lecuyer\Documents\Code\rm0\scripts\RM_submission\out\Training1_1\WAV_nopad\Training1_1rv_CRM1_16_FastPulse2_nopad.wav,100.0
C:\Users\gurvan.lecuyer\Documents\Code\rm0\scripts\RM_submission\out\Training1_1\WAV_nopad\Training1_1rv_CRM1_16_FastPulse3_nopad.wav,100.0
C:\Users\gurvan.lecuyer\Documents\Code\rm0\scripts\RM_submission\out\Training1_1\WAV_nopad\Training1_1rv_CRM1_16_Fill2_nopad.wav,100.0
C:\Users\gurvan.lecuyer\Documents\Code\rm0\scripts\RM_submission\out\Training1_1\WAV_nopad\Training1_1rv_CRM1_16_Grain2_nopad.wav,100.0
C:\Users\gurvan.lecuyer\Documents\Code\rm0\scripts\RM_submission\out\Training1_1\WAV_nopad\Training1_1rv_CRM1_16_RepeatTicks_nopad.wav,100.0
C:\Users\gurvan.lecuyer\Documents\Code\rm0\scripts\RM_submission\out\Training1_1\WAV_nopad\Training1_1rv_CRM1_16_Sweep2_nopad.wav,100.0
C:\Users\gurvan.lecuyer\Documents\Code\rm0\scripts\RM_submission\out\Training1_1\WAV_nopad\Training1_1rv_CRM1_16_Tick2_nopad.wav,100.0
C:\Users\gurvan.lecuyer\Documents\Code\rm0\scripts\RM_submission\out\Training1_1\WAV_nopad\Training1_1rv_CRM1_2_Explosion3_nopad.wav,100.0
C:\Users\gurvan.lecuyer\Documents\Code\rm0\scripts\RM_submission\out\Training1_1\WAV_nopad\Training1_1rv_CRM1_2_FastPulse2_nopad.wav,100.0
C:\Users\gurvan.lecuyer\Documents\Code\rm0\scripts\RM_submission\out\Training1_1\WAV_nopad\Training1_1rv_CRM1_2_FastPulse3_nopad.wav,100.0
C:\Users\gurvan.lecuyer\Documents\Code\rm0\scripts\RM_submission\out\Training1_1\WAV_nopad\Training1_1rv_CRM1_2_Fill2_nopad.wav,100.0
C:\Users\gurvan.lecuyer\Documents\Code\rm0\scripts\RM_submission\out\Training1_1\WAV_nopad\Training1_1rv_CRM1_2_Grain2_nopad.wav,100.0
C:\Users\gurvan.lecuyer\Documents\Code\rm0\scripts\RM_submission\out\Training1_1\WAV_nopad\Training1_1rv_CRM1_2_RepeatTicks_nopad.wav,100.0
C:\Users\gurvan.lecuyer\Documents\Code\rm0\scripts\RM_submission\out\Training1_1\WAV_nopad\Training1_1rv_CRM1_2_Sweep2_nopad.wav,100.0
C:\Users\gurvan.lecuyer\Documents\Code\rm0\scripts\RM_submission\out\Training1_1\WAV_nopad\Training1_1rv_CRM1_2_Tick2_nopad.wav,100.0
C:\Users\gurvan.lecuyer\Documents\Code\rm0\scripts\RM_submission\out\Training1_1\WAV_nopad\Training1_1rv_CRM1_64_Explosion3_nopad.wav,100.0
C:\Users\gurvan.lecuyer\Documents\Code\rm0\scripts\RM_submission\out\Training1_1\WAV_nopad\Training1_1rv_CRM1_64_FastPulse2_nopad.wav,100.0
C:\Users\gurvan.lecuyer\Documents\Code\rm0\scripts\RM_submission\out\Training1_1\WAV_nopad\Training1_1rv_CRM1_64_FastPulse3_nopad.wav,100.0
C:\Users\gurvan.lecuyer\Documents\Code\rm0\scripts\RM_submission\out\Training1_1\WAV_nopad\Training1_1rv_CRM1_64_Fill2_nopad.wav,100.0
C:\Users\gurvan.lecuyer\Documents\Code\rm0\scripts\RM_submission\out\Training1_1\WAV_nopad\Training1_1rv_CRM1_64_Grain2_nopad.wav,100.0
C:\Users\gurvan.lecuyer\Documents\Code\rm0\scripts\RM_submission\out\Training1_1\WAV_nopad\Training1_1rv_CRM1_64_RepeatTicks_nopad.wav,100.0
C:\Users\gurvan.lecuyer\Documents\Code\rm0\scripts\RM_submission\out\Training1_1\WAV_nopad\Training1_1rv_CRM1_64_Sweep2_nopad.wav,100.0
C:\Users\gurvan.lecuyer\Documents\Code\rm0\scripts\RM_submission\out\Training1_1\WAV_nopad\Training1_1rv_CRM1_64_Tick2_nopad.wav,100.0
C:\Users\gurvan.lecuyer\Documents\Code\rm0\scripts\RM_submission\out\Training1_1\WAV_nopad\Training1_1rv_CRM1_8_Explosion3_nopad.wav,100.0
C:\Users\gurvan.lecuyer\Documents\Code\rm0\scripts\RM_submission\out\Training1_1\WAV_nopad\Training1_1rv_CRM1_8_FastPulse2_nopad.wav,100.0
C:\Users\gurvan.lecuyer\Documents\Code\rm0\scripts\RM_submission\out\Training1_1\WAV_nopad\Training1_1rv_CRM1_8_FastPulse3_nopad.wav,100.0
C:\Users\gurvan.lecuyer\Documents\Code\rm0\scripts\RM_submission\out\Training1_1\WAV_nopad\Training1_1rv_CRM1_8_Fill2_nopad.wav,100.0
C:\Users\gurvan.lecuyer\Documents\Code\rm0\scripts\RM_submission\out\Training1_1\WAV_nopad\Training1_1rv_CRM1_8_Grain2_nopad.wav,100.0
C:\Users\gurvan.lecuyer\Documents\Code\rm0\scripts\RM_submission\out\Training1_1\WAV_nopad\Training1_1rv_CRM1_8_RepeatTicks_nopad.wav,100.0
C:\Users\gurvan.lecuyer\Documents\Code\rm0\scripts\RM_submission\out\Training1_1\WAV_nopad\Training1_1rv_CRM1_8_Sweep2_nopad.wav,100.0
C:\Users\gurvan.lecuyer\Documents\Code\rm0\scripts\RM_submission\out\Training1_1\WAV_nopad\Training1_1rv_CRM1_8_Tick2_nopad.wav,100.0
C:\Users\gurvan.lecuyer\Documents\Code\rm0\scripts\RM_submission\out\Training1_1\WAV_pad\Training1_1rv_CRM1_16_Explosion3_pad.wav,100.0
C:\Users\gurvan.lecuyer\Documents\Code\rm0\scripts\RM_submission\out\Training1_1\WAV_pad\Training1_1rv_CRM1_16_FastPulse2_pad.wav,100.0
C:\Users\gurvan.lecuyer\Documents\Code\rm0\scripts\RM_submission\out\Training1_1\WAV_pad\Training1_1rv_CRM1_16_FastPulse3_pad.wav,100.0
C:\Users\gurvan.lecuyer\Documents\Code\rm0\scripts\RM_submission\out\Training1_1\WAV_pad\Training1_1rv_CRM1_16_Fill2_pad.wav,100.0
C:\Users\gurvan.lecuyer\Documents\Code\rm0\scripts\RM_submission\out\Training1_1\WAV_pad\Training1_1rv_CRM1_16_Grain2_pad.wav,100.0
C:\Users\gurvan.lecuyer\Documents\Code\rm0\scripts\RM_submission\out\Training1_1\WAV_pad\Training1_1rv_CRM1_16_RepeatTicks_pad.wav,100.0
C:\Users\gurvan.lecuyer\Documents\Code\rm0\scripts\RM_submission\out\Training1_1\WAV_pad\Training1_1rv_CRM1_16_Sweep2_pad.wav,100.0
C:\Users\gurvan.lecuyer\Documents\Code\rm0\scripts\RM_submission\out\Training1_1\WAV_pad\Training1_1rv_CRM1_16_Tick2_pad.wav,100.0
C:\Users\gurvan.lecuyer\Documents\Code\rm0\scripts\RM_submission\out\Training1_1\WAV_pad\Training1_1rv_CRM1_2_Explosion3_pad.wav,100.0
C:\Users\gurvan.lecuyer\Documents\Code\rm0\scripts\RM_submission\out\Training1_1\WAV_pad\Training1_1rv_CRM1_2_FastPulse2_pad.wav,100.0
C:\Users\gurvan.lecuyer\Documents\Code\rm0\scripts\RM_submission\out\Training1_1\WAV_pad\Training1_1rv_CRM1_2_FastPulse3_pad.wav,100.0
C:\Users\gurvan.lecuyer\Documents\Code\rm0\scripts\RM_submission\out\Training1_1\WAV_pad\Training1_1rv_CRM1_2_Fill2_pad.wav,100.0
C:\Users\gurvan.lecuyer\Documents\Code\rm0\scripts\RM_submission\out\Training1_1\WAV_pad\Training1_1rv_CRM1_2_Grain2_pad.wav,100.0
C:\Users\gurvan.lecuyer\Documents\Code\rm0\scripts\RM_submission\out\Training1_1\WAV_pad\Training1_1rv_CRM1_2_RepeatTicks_pad.wav,100.0
C:\Users\gurvan.lecuyer\Documents\Code\rm0\scripts\RM_submission\out\Training1_1\WAV_pad\Training1_1rv_CRM1_2_Sweep2_pad.wav,100.0
C:\Users\gurvan.lecuyer\Documents\Code\rm0\scripts\RM_submission\out\Training1_1\WAV_pad\Training1_1rv_CRM1_2_Tick2_pad.wav,100.0
C:\Users\gurvan.lecuyer\Documents\Code\rm0\scripts\RM_submission\out\Training1_1\WAV_pad\Training1_1rv_CRM1_64_Explosion3_pad.wav,100.0
C:\Users\gurvan.lecuyer\Documents\Code\rm0\scripts\RM_submission\out\Training1_1\WAV_pad\Training1_1rv_CRM1_64_FastPulse2_pad.wav,100.0
C:\Users\gurvan.lecuyer\Documents\Code\rm0\scripts\RM_submission\out\Training1_1\WAV_pad\Training1_1rv_CRM1_64_FastPulse3_pad.wav,100.0
C:\Users\gurvan.lecuyer\Documents\Code\rm0\scripts\RM_submission\out\Training1_1\WAV_pad\Training1_1rv_CRM1_64_Fill2_pad.wav,100.0
C:\Users\gurvan.lecuyer\Documents\Code\rm0\scripts\RM_submission\out\Training1_1\WAV_pad\Training1_1rv_CRM1_64_Grain2_pad.wav,100.0
C:\Users\gurvan.lecuyer\Documents\Code\rm0\scripts\RM_submission\out\Training1_1\WAV_pad\Training1_1rv_CRM1_64_RepeatTicks_pad.wav,100.0
C:\Users\gurvan.lecuyer\Documents\Code\rm0\scripts\RM_submission\out\Training1_1\WAV_pad\Training1_1rv_CRM1_64_Sweep2_pad.wav,100.0
C:\Users\gurvan.lecuyer\Documents\Code\rm0\scripts\RM_submission\out\Training1_1\WAV_pad\Training1_1rv_CRM1_64_Tick2_pad.wav,100.0
C:\Users\gurvan.lecuyer\Documents\Code\rm0\scripts\RM_submission\out\Training1_1\WAV_pad\Training1_1rv_CRM1_8_Explosion3_pad.wav,100.0
C:\Users\gurvan.lecuyer\Documents\Code\rm0\scripts\RM_submission\out\Training1_1\WAV_pad\Training1_1rv_CRM1_8_FastPulse2_pad.wav,100.0
C:\Users\gurvan.lecuyer\Documents\Code\rm0\scripts\RM_submission\out\Training1_1\WAV_pad\Training1_1rv_CRM1_8_FastPulse3_pad.wav,100.0
C:\Users\gurvan.lecuyer\Documents\Code\rm0\scripts\RM_submission\out\Training1_1\WAV_pad\Training1_1rv_CRM1_8_Fill2_pad.wav,100.0
C:\Users\gurvan.lecuyer\Documents\Code\rm0\scripts\RM_submission\out\Training1_1\WAV_pad\Training1_1rv_CRM1_8_Grain2_pad.wav,100.0
C:\Users\gurvan.lecuyer\Documents\Code\rm0\scripts\RM_submission\out\Training1_1\WAV_pad\Training1_1rv_CRM1_8_RepeatTicks_pad.wav,100.0
C:\Users\gurvan.lecuyer\Documents\Code\rm0\scripts\RM_submission\out\Training1_1\WAV_pad\Training1_1rv_CRM1_8_Sweep2_pad.wav,100.0
C:\Users\gurvan.lecuyer\Documents\Code\rm0\scripts\RM_submission\out\Training1_1\WAV_pad\Training1_1rv_CRM1_8_Tick2_pad.wav,100.0
C:\Users\gurvan.lecuyer\Documents\Code\rm0\scripts\RM_submission\out\Training1_2\WAV_nopad\Training1_2rv_CRM1_16_Carpet_nopad.wav,100.0
C:\Users\gurvan.lecuyer\Documents\Code\rm0\scripts\RM_submission\out\Training1_2\WAV_nopad\Training1_2rv_CRM1_16_Content2_nopad.wav,100.0
C:\Users\gurvan.lecuyer\Documents\Code\rm0\scripts\RM_submission\out\Training1_2\WAV_nopad\Training1_2rv_CRM1_16_drums_nopad.wav,100.0
C:\Users\gurvan.lecuyer\Documents\Code\rm0\scripts\RM_submission\out\Training1_2\WAV_nopad\Training1_2rv_CRM1_16_gravel_nopad.wav,100.0
C:\Users\gurvan.lecuyer\Documents\Code\rm0\scripts\RM_submission\out\Training1_2\WAV_nopad\Training1_2rv_CRM1_16_HeartBeat_nopad.wav,100.0
C:\Users\gurvan.lecuyer\Documents\Code\rm0\scripts\RM_submission\out\Training1_2\WAV_nopad\Training1_2rv_CRM1_16_Paper_nopad.wav,100.0
C:\Users\gurvan.lecuyer\Documents\Code\rm0\scripts\RM_submission\out\Training1_2\WAV_nopad\Training1_2rv_CRM1_16_RandTexture1_nopad.wav,100.0
C:\Users\gurvan.lecuyer\Documents\Code\rm0\scripts\RM_submission\out\Training1_2\WAV_nopad\Training1_2rv_CRM1_16_Ringtone2_nopad.wav,100.0
C:\Users\gurvan.lecuyer\Documents\Code\rm0\scripts\RM_submission\out\Training1_2\WAV_nopad\Training1_2rv_CRM1_16_sparkle_nopad.wav,100.0
C:\Users\gurvan.lecuyer\Documents\Code\rm0\scripts\RM_submission\out\Training1_2\WAV_nopad\Training1_2rv_CRM1_16_Weapon2_nopad.wav,100.0
C:\Users\gurvan.lecuyer\Documents\Code\rm0\scripts\RM_submission\out\Training1_2\WAV_nopad\Training1_2rv_CRM1_2_Carpet_nopad.wav,100.0
C:\Users\gurvan.lecuyer\Documents\Code\rm0\scripts\RM_submission\out\Training1_2\WAV_nopad\Training1_2rv_CRM1_2_Content2_nopad.wav,100.0
C:\Users\gurvan.lecuyer\Documents\Code\rm0\scripts\RM_submission\out\Training1_2\WAV_nopad\Training1_2rv_CRM1_2_drums_nopad.wav,100.0
C:\Users\gurvan.lecuyer\Documents\Code\rm0\scripts\RM_submission\out\Training1_2\WAV_nopad\Training1_2rv_CRM1_2_gravel_nopad.wav,100.0
C:\Users\gurvan.lecuyer\Documents\Code\rm0\scripts\RM_submission\out\Training1_2\WAV_nopad\Training1_2rv_CRM1_2_HeartBeat_nopad.wav,100.0
C:\Users\gurvan.lecuyer\Documents\Code\rm0\scripts\RM_submission\out\Training1_2\WAV_nopad\Training1_2rv_CRM1_2_Paper_nopad.wav,100.0
C:\Users\gurvan.lecuyer\Documents\Code\rm0\scripts\RM_submission\out\Training1_2\WAV_nopad\Training1_2rv_CRM1_2_RandTexture1_nopad.wav,100.0
C:\Users\gurvan.lecuyer\Documents\Code\rm0\scripts\RM_submission\out\Training1_2\WAV_nopad\Training1_2rv_CRM1_2_Ringtone2_nopad.wav,100.0
C:\Users\gurvan.lecuyer\Documents\Code\rm0\scripts\RM_submission\out\Training1_2\WAV_nopad\Training1_2rv_CRM1_2_sparkle_nopad.wav,100.0
C:\Users\gurvan.lecuyer\Documents\Code\rm0\scripts\RM_submission\out\Training1_2\WAV_nopad\Training1_2rv_CRM1_2_Weapon2_nopad.wav,100.0
C:\Users\gurvan.lecuyer\Documents\Code\rm0\scripts\RM_submission\out\Training1_2\WAV_nopad\Training1_2rv_CRM1_64_Carpet_nopad.wav,100.0
C:\Users\gurvan.lecuyer\Documents\Code\rm0\scripts\RM_submission\out\Training1_2\WAV_nopad\Training1_2rv_CRM1_64_Content2_nopad.wav,100.0
C:\Users\gurvan.lecuyer\Documents\Code\rm0\scripts\RM_submission\out\Training1_2\WAV_nopad\Training1_2rv_CRM1_64_drums_nopad.wav,100.0
C:\Users\gurvan.lecuyer\Documents\Code\rm0\scripts\RM_submission\out\Training1_2\WAV_nopad\Training1_2rv_CRM1_64_gravel_nopad.wav,100.0
C:\Users\gurvan.lecuyer\Documents\Code\rm0\scripts\RM_submission\out\Training1_2\WAV_nopad\Training1_2rv_CRM1_64_HeartBeat_nopad.wav,100.0
C:\Users\gurvan.lecuyer\Documents\Code\rm0\scripts\RM_submission\out\Training1_2\WAV_nopad\Training1_2rv_CRM1_64_Paper_nopad.wav,100.0
C:\Users\gurvan.lecuyer\Documents\Code\rm0\scripts\RM_submission\out\Training1_2\WAV_nopad\Training1_2rv_CRM1_64_RandTexture1_nopad.wav,100.0
C:\Users\gurvan.lecuyer\Documents\Code\rm0\scripts\RM_submission\out\Training1_2\WAV_nopad\Training1_2rv_CRM1_64_Ringtone2_nopad.wav,100.0
C:\Users\gurvan.lecuyer\Documents\Code\rm0\scripts\RM_submission\out\Training1_2\WAV_nopad\Training1_2rv_CRM1_64_sparkle_nopad.wav,100.0
C:\Users\gurvan.lecuyer\Documents\Code\rm0\scripts\RM_submission\out\Training1_2\WAV_nopad\Training1_2rv_CRM1_64_Weapon2_nopad.wav,100.0
C:\Users\gurvan.lecuyer\Documents\Code\rm0\scripts\RM_submission\out\Training1_2\WAV_nopad\Training1_2rv_CRM1_8_Carpet_nopad.wav,100.0
C:\Users\gurvan.lecuyer\Documents\Code\rm0\scripts\RM_submission\out\Training1_2\WAV_nopad\Training1_2rv_CRM1_8_Content2_nopad.wav,100.0
C:\Users\gurvan.lecuyer\Documents\Code\rm0\scripts\RM_submission\out\Training1_2\WAV_nopad\Training1_2rv_CRM1_8_drums_nopad.wav,100.0
C:\Users\gurvan.lecuyer\Documents\Code\rm0\scripts\RM_submission\out\Training1_2\WAV_nopad\Training1_2rv_CRM1_8_gravel_nopad.wav,100.0
C:\Users\gurvan.lecuyer\Documents\Code\rm0\scripts\RM_submission\out\Training1_2\WAV_nopad\Training1_2rv_CRM1_8_HeartBeat_nopad.wav,100.0
C:\Users\gurvan.lecuyer\Documents\Code\rm0\scripts\RM_submission\out\Training1_2\WAV_nopad\Training1_2rv_CRM1_8_Paper_nopad.wav,100.0
C:\Users\gurvan.lecuyer\Documents\Code\rm0\scripts\RM_submission\out\Training1_2\WAV_nopad\Training1_2rv_CRM1_8_RandTexture1_nopad.wav,100.0
C:\Users\gurvan.lecuyer\Documents\Code\rm0\scripts\RM_submission\out\Training1_2\WAV_nopad\Training1_2rv_CRM1_8_Ringtone2_nopad.wav,100.0
C:\Users\gurvan.lecuyer\Documents\Code\rm0\scripts\RM_submission\out\Training1_2\WAV_nopad\Training1_2rv_CRM1_8_sparkle_nopad.wav,100.0
C:\Users\gurvan.lecuyer\Documents\Code\rm0\scripts\RM_submission\out\Training1_2\WAV_nopad\Training1_2rv_CRM1_8_Weapon2_nopad.wav,100.0
C:\Users\gurvan.lecuyer\Documents\Code\rm0\scripts\RM_submission\out\Training1_2\WAV_pad\Training1_2rv_CRM1_16_Carpet_pad.wav,100.0
C:\Users\gurvan.lecuyer\Documents\Code\rm0\scripts\RM_submission\out\Training1_2\WAV_pad\Training1_2rv_CRM1_16_Content2_pad.wav,100.0
C:\Users\gurvan.lecuyer\Documents\Code\rm0\scripts\RM_submission\out\Training1_2\WAV_pad\Training1_2rv_CRM1_16_drums_pad.wav,100.0
C:\Users\gurvan.lecuyer\Documents\Code\rm0\scripts\RM_submission\out\Training1_2\WAV_pad\Training1_2rv_CRM1_16_gravel_pad.wav,100.0
C:\Users\gurvan.lecuyer\Documents\Code\rm0\scripts\RM_submission\out\Training1_2\WAV_pad\Training1_2rv_CRM1_16_HeartBeat_pad.wav,100.0
C:\Users\gurvan.lecuyer\Documents\Code\rm0\scripts\RM_submission\out\Training1_2\WAV_pad\Training1_2rv_CRM1_16_Paper_pad.wav,100.0
C:\Users\gurvan.lecuyer\Documents\Code\rm0\scripts\RM_submission\out\Training1_2\WAV_pad\Training1_2rv_CRM1_16_RandTexture1_pad.wav,100.0
C:\Users\gurvan.lecuyer\Documents\Code\rm0\scripts\RM_submission\out\Training1_2\WAV_pad\Training1_2rv_CRM1_16_Ringtone2_pad.wav,100.0
C:\Users\gurvan.lecuyer\Documents\Code\rm0\scripts\RM_submission\out\Training1_2\WAV_pad\Training1_2rv_CRM1_16_sparkle_pad.wav,100.0
C:\Users\gurvan.lecuyer\Documents\Code\rm0\scripts\RM_submission\out\Training1_2\WAV_pad\Training1_2rv_CRM1_16_Weapon2_pad.wav,100.0
C:\Users\gurvan.lecuyer\Documents\Code\rm0\scripts\RM_submission\out\Training1_2\WAV_pad\Training1_2rv_CRM1_2_Carpet_pad.wav,100.0
C:\Users\gurvan.lecuyer\Documents\Code\rm0\scripts\RM_submission\out\Training1_2\WAV_pad\Training1_2rv_CRM1_2_Content2_pad.wav,100.0
C:\Users\gurvan.lecuyer\Documents\Code\rm0\scripts\RM_submission\out\Training1_2\WAV_pad\Training1_2rv_CRM1_2_drums_pad.wav,100.0
C:\Users\gurvan.lecuyer\Documents\Code\rm0\scripts\RM_submission\out\Training1_2\WAV_pad\Training1_2rv_CRM1_2_gravel_pad.wav,100.0
C:\Users\gurvan.lecuyer\Documents\Code\rm0\scripts\RM_submission\out\Training1_2\WAV_pad\Training1_2rv_CRM1_2_HeartBeat_pad.wav,100.0
C:\Users\gurvan.lecuyer\Documents\Code\rm0\scripts\RM_submission\out\Training1_2\WAV_pad\Training1_2rv_CRM1_2_Paper_pad.wav,100.0
C:\Users\gurvan.lecuyer\Documents\Code\rm0\scripts\RM_submission\out\Training1_2\WAV_pad\Training1_2rv_CRM1_2_RandTexture1_pad.wav,100.0
C:\Users\gurvan.lecuyer\Documents\Code\rm0\scripts\RM_submission\out\Training1_2\WAV_pad\Training1_2rv_CRM1_2_Ringtone2_pad.wav,100.0
C:\Users\gurvan.lecuyer\Documents\Code\rm0\scripts\RM_submission\out\Training1_2\WAV_pad\Training1_2rv_CRM1_2_sparkle_pad.wav,100.0
C:\Users\gurvan.lecuyer\Documents\Code\rm0\scripts\RM_submission\out\Training1_2\WAV_pad\Training1_2rv_CRM1_2_Weapon2_pad.wav,100.0
C:\Users\gurvan.lecuyer\Documents\Code\rm0\scripts\RM_submission\out\Training1_2\WAV_pad\Training1_2rv_CRM1_64_Carpet_pad.wav,100.0
C:\Users\gurvan.lecuyer\Documents\Code\rm0\scripts\RM_submission\out\Training1_2\WAV_pad\Training1_2rv_CRM1_64_Content2_pad.wav,100.0
C:\Users\gurvan.lecuyer\Documents\Code\rm0\scripts\RM_submission\out\Training1_2\WAV_pad\Training1_2rv_CRM1_64_drums_pad.wav,100.0
C:\Users\gurvan.lecuyer\Documents\Code\rm0\scripts\RM_submission\out\Training1_2\WAV_pad\Training1_2rv_CRM1_64_gravel_pad.wav,100.0
C:\Users\gurvan.lecuyer\Documents\Code\rm0\scripts\RM_submission\out\Training1_2\WAV_pad\Training1_2rv_CRM1_64_HeartBeat_pad.wav,100.0
C:\Users\gurvan.lecuyer\Documents\Code\rm0\scripts\RM_submission\out\Training1_2\WAV_pad\Training1_2rv_CRM1_64_Paper_pad.wav,100.0
C:\Users\gurvan.lecuyer\Documents\Code\rm0\scripts\RM_submission\out\Training1_2\WAV_pad\Training1_2rv_CRM1_64_RandTexture1_pad.wav,100.0
C:\Users\gurvan.lecuyer\Documents\Code\rm0\scripts\RM_submission\out\Training1_2\WAV_pad\Training1_2rv_CRM1_64_Ringtone2_pad.wav,100.0
C:\Users\gurvan.lecuyer\Documents\Code\rm0\scripts\RM_submission\out\Training1_2\WAV_pad\Training1_2rv_CRM1_64_sparkle_pad.wav,100.0
C:\Users\gurvan.lecuyer\Documents\Code\rm0\scripts\RM_submission\out\Training1_2\WAV_pad\Training1_2rv_CRM1_64_Weapon2_pad.wav,100.0
C:\Users\gurvan.lecuyer\Documents\Code\rm0\scripts\RM_submission\out\Training1_2\WAV_pad\Training1_2rv_CRM1_8_Carpet_pad.wav,100.0
C:\Users\gurvan.lecuyer\Documents\Code\rm0\scripts\RM_submission\out\Training1_2\WAV_pad\Training1_2rv_CRM1_8_Content2_pad.wav,100.0
C:\Users\gurvan.lecuyer\Documents\Code\rm0\scripts\RM_submission\out\Training1_2\WAV_pad\Training1_2rv_CRM1_8_drums_pad.wav,100.0
C:\Users\gurvan.lecuyer\Documents\Code\rm0\scripts\RM_submission\out\Training1_2\WAV_pad\Training1_2rv_CRM1_8_gravel_pad.wav,100.0
C:\Users\gurvan.lecuyer\Documents\Code\rm0\scripts\RM_submission\out\Training1_2\WAV_pad\Training1_2rv_CRM1_8_HeartBeat_pad.wav,100.0
C:\Users\gurvan.lecuyer\Documents\Code\rm0\scripts\RM_submission\out\Training1_2\WAV_pad\Training1_2rv_CRM1_8_Paper_pad.wav,100.0
C:\Users\gurvan.lecuyer\Documents\Code\rm0\scripts\RM_submission\out\Training1_2\WAV_pad\Training1_2rv_CRM1_8_RandTexture1_pad.wav,100.0
C:\Users\gurvan.lecuyer\Documents\Code\rm0\scripts\RM_submission\out\Training1_2\WAV_pad\Training1_2rv_CRM1_8_Ringtone2_pad.wav,100.0
C:\Users\gurvan.lecuyer\Documents\Code\rm0\scripts\RM_submission\out\Training1_2\WAV_pad\Training1_2rv_CRM1_8_sparkle_pad.wav,100.0
C:\Users\gurvan.lecuyer\Documents\Code\rm0\scripts\RM_submission\out\Training1_2\WAV_pad\Training1_2rv_CRM1_8_Weapon2_pad.wav,100.0
C:\Users\gurvan.lecuyer\Documents\Code\rm0\scripts\RM_submission\out\Training1_3\WAV_nopad\Training1_3rv_CRM1_16_BigBuckBunny_nopad.wav,100.0
C:\Users\gurvan.lecuyer\Documents\Code\rm0\scripts\RM_submission\out\Training1_3\WAV_nopad\Training1_3rv_CRM1_16_BikeRiding2_nopad.wav,100.0
C:\Users\gurvan.lecuyer\Documents\Code\rm0\scripts\RM_submission\out\Training1_3\WAV_nopad\Training1_3rv_CRM1_16_BikeRiding_nopad.wav,100.0
C:\Users\gurvan.lecuyer\Documents\Code\rm0\scripts\RM_submission\out\Training1_3\WAV_nopad\Training1_3rv_CRM1_16_ForceXYZ_nopad.wav,100.0
C:\Users\gurvan.lecuyer\Documents\Code\rm0\scripts\RM_submission\out\Training1_3\WAV_nopad\Training1_3rv_CRM1_16_ForceXY_nopad.wav,100.0
C:\Users\gurvan.lecuyer\Documents\Code\rm0\scripts\RM_submission\out\Training1_3\WAV_nopad\Training1_3rv_CRM1_16_ForceXZ_nopad.wav,100.0
C:\Users\gurvan.lecuyer\Documents\Code\rm0\scripts\RM_submission\out\Training1_3\WAV_nopad\Training1_3rv_CRM1_16_ForceYZ_nopad.wav,100.0
C:\Users\gurvan.lecuyer\Documents\Code\rm0\scripts\RM_submission\out\Training1_3\WAV_nopad\Training1_3rv_CRM1_16_HorseRiding2_nopad.wav,100.0
C:\Users\gurvan.lecuyer\Documents\Code\rm0\scripts\RM_submission\out\Training1_3\WAV_nopad\Training1_3rv_CRM1_16_HorseRiding_nopad.wav,100.0
C:\Users\gurvan.lecuyer\Documents\Code\rm0\scripts\RM_submission\out\Training1_3\WAV_nopad\Training1_3rv_CRM1_16_Rollercoaster_nopad.wav,100.0
C:\Users\gurvan.lecuyer\Documents\Code\rm0\scripts\RM_submission\out\Training1_3\WAV_nopad\Training1_3rv_CRM1_2_BigBuckBunny_nopad.wav,100.0
C:\Users\gurvan.lecuyer\Documents\Code\rm0\scripts\RM_submission\out\Training1_3\WAV_nopad\Training1_3rv_CRM1_2_BikeRiding2_nopad.wav,100.0
C:\Users\gurvan.lecuyer\Documents\Code\rm0\scripts\RM_submission\out\Training1_3\WAV_nopad\Training1_3rv_CRM1_2_BikeRiding_nopad.wav,100.0
C:\Users\gurvan.lecuyer\Documents\Code\rm0\scripts\RM_submission\out\Training1_3\WAV_nopad\Training1_3rv_CRM1_2_ForceXYZ_nopad.wav,100.0
C:\Users\gurvan.lecuyer\Documents\Code\rm0\scripts\RM_submission\out\Training1_3\WAV_nopad\Training1_3rv_CRM1_2_ForceXY_nopad.wav,100.0
C:\Users\gurvan.lecuyer\Documents\Code\rm0\scripts\RM_submission\out\Training1_3\WAV_nopad\Training1_3rv_CRM1_2_ForceXZ_nopad.wav,100.0
C:\Users\gurvan.lecuyer\Documents\Code\rm0\scripts\RM_submission\out\Training1_3\WAV_nopad\Training1_3rv_CRM1_2_ForceYZ_nopad.wav,100.0
C:\Users\gurvan.lecuyer\Documents\Code\rm0\scripts\RM_submission\out\Training1_3\WAV_nopad\Training1_3rv_CRM1_2_HorseRiding2_nopad.wav,100.0
C:\Users\gurvan.lecuyer\Documents\Code\rm0\scripts\RM_submission\out\Training1_3\WAV_nopad\Training1_3rv_CRM1_2_HorseRiding_nopad.wav,100.0
C:\Users\gurvan.lecuyer\Documents\Code\rm0\scripts\RM_submission\out\Training1_3\WAV_nopad\Training1_3rv_CRM1_2_Rollercoaster_nopad.wav,100.0
C:\Users\gurvan.lecuyer\Documents\Code\rm0\scripts\RM_submission\out\Training1_3\WAV_nopad\Training1_3rv_CRM1_64_BigBuckBunny_nopad.wav,100.0
C:\Users\gurvan.lecuyer\Documents\Code\rm0\scripts\RM_submission\out\Training1_3\WAV_nopad\Training1_3rv_CRM1_64_BikeRiding2_nopad.wav,100.0
C:\Users\gurvan.lecuyer\Documents\Code\rm0\scripts\RM_submission\out\Training1_3\WAV_nopad\Training1_3rv_CRM1_64_BikeRiding_nopad.wav,100.0
C:\Users\gurvan.lecuyer\Documents\Code\rm0\scripts\RM_submission\out\Training1_3\WAV_nopad\Training1_3rv_CRM1_64_ForceXYZ_nopad.wav,100.0
C:\Users\gurvan.lecuyer\Documents\Code\rm0\scripts\RM_submission\out\Training1_3\WAV_nopad\Training1_3rv_CRM1_64_ForceXY_nopad.wav,100.0
C:\Users\gurvan.lecuyer\Documents\Code\rm0\scripts\RM_submission\out\Training1_3\WAV_nopad\Training1_3rv_CRM1_64_ForceXZ_nopad.wav,100.0
C:\Users\gurvan.lecuyer\Documents\Code\rm0\scripts\RM_submission\out\Training1_3\WAV_nopad\Training1_3rv_CRM1_64_ForceYZ_nopad.wav,100.0
C:\Users\gurvan.lecuyer\Documents\Code\rm0\scripts\RM_submission\out\Training1_3\WAV_nopad\Training1_3rv_CRM1_64_HorseRiding2_nopad.wav,100.0
C:\Users\gurvan.lecuyer\Documents\Code\rm0\scripts\RM_submission\out\Training1_3\WAV_nopad\Training1_3rv_CRM1_64_HorseRiding_nopad.wav,100.0
C:\Users\gurvan.lecuyer\Documents\Code\rm0\scripts\RM_submission\out\Training1_3\WAV_nopad\Training1_3rv_CRM1_64_Rollercoaster_nopad.wav,100.0
C:\Users\gurvan.lecuyer\Documents\Code\rm0\scripts\RM_submission\out\Training1_3\WAV_nopad\Training1_3rv_CRM1_8_BigBuckBunny_nopad.wav,100.0
C:\Users\gurvan.lecuyer\Documents\Code\rm0\scripts\RM_submission\out\Training1_3\WAV_nopad\Training1_3rv_CRM1_8_BikeRiding2_nopad.wav,100.0
C:\Users\gurvan.lecuyer\Documents\Code\rm0\scripts\RM_submission\out\Training1_3\WAV_nopad\Training1_3rv_CRM1_8_BikeRiding_nopad.wav,100.0
C:\Users\gurvan.lecuyer\Documents\Code\rm0\scripts\RM_submission\out\Training1_3\WAV_nopad\Training1_3rv_CRM1_8_ForceXYZ_nopad.wav,100.0
C:\Users\gurvan.lecuyer\Documents\Code\rm0\scripts\RM_submission\out\Training1_3\WAV_nopad\Training1_3rv_CRM1_8_ForceXY_nopad.wav,100.0
C:\Users\gurvan.lecuyer\Documents\Code\rm0\scripts\RM_submission\out\Training1_3\WAV_nopad\Training1_3rv_CRM1_8_ForceXZ_nopad.wav,100.0
C:\Users\gurvan.lecuyer\Documents\Code\rm0\scripts\RM_submission\out\Training1_3\WAV_nopad\Training1_3rv_CRM1_8_ForceYZ_nopad.wav,100.0
C:\Users\gurvan.lecuyer\Documents\Code\rm0\scripts\RM_submission\out\Training1_3\WAV_nopad\Training1_3rv_CRM1_8_HorseRiding2_nopad.wav,100.0
C:\Users\gurvan.lecuyer\Documents\Code\rm0\scripts\RM_submission\out\Training1_3\WAV_nopad\Training1_3rv_CRM1_8_HorseRiding_nopad.wav,100.0
C:\Users\gurvan.lecuyer\Documents\Code\rm0\scripts\RM_submission\out\Training1_3\WAV_nopad\Training1_3rv_CRM1_8_Rollercoaster_nopad.wav,100.0
C:\Users\gurvan.lecuyer\Documents\Code\rm0\scripts\RM_submission\out\Training1_3\WAV_pad\Training1_3rv_CRM1_16_BigBuckBunny_pad.wav,100.0
C:\Users\gurvan.lecuyer\Documents\Code\rm0\scripts\RM_submission\out\Training1_3\WAV_pad\Training1_3rv_CRM1_16_BikeRiding2_pad.wav,100.0
C:\Users\gurvan.lecuyer\Documents\Code\rm0\scripts\RM_submission\out\Training1_3\WAV_pad\Training1_3rv_CRM1_16_BikeRiding_pad.wav,100.0
C:\Users\gurvan.lecuyer\Documents\Code\rm0\scripts\RM_submission\out\Training1_3\WAV_pad\Training1_3rv_CRM1_16_ForceXYZ_pad.wav,100.0
C:\Users\gurvan.lecuyer\Documents\Code\rm0\scripts\RM_submission\out\Training1_3\WAV_pad\Training1_3rv_CRM1_16_ForceXY_pad.wav,100.0
C:\Users\gurvan.lecuyer\Documents\Code\rm0\scripts\RM_submission\out\Training1_3\WAV_pad\Training1_3rv_CRM1_16_ForceXZ_pad.wav,100.0
C:\Users\gurvan.lecuyer\Documents\Code\rm0\scripts\RM_submission\out\Training1_3\WAV_pad\Training1_3rv_CRM1_16_ForceYZ_pad.wav,100.0
C:\Users\gurvan.lecuyer\Documents\Code\rm0\scripts\RM_submission\out\Training1_3\WAV_pad\Training1_3rv_CRM1_16_HorseRiding2_pad.wav,100.0
C:\Users\gurvan.lecuyer\Documents\Code\rm0\scripts\RM_submission\out\Training1_3\WAV_pad\Training1_3rv_CRM1_16_HorseRiding_pad.wav,100.0
C:\Users\gurvan.lecuyer\Documents\Code\rm0\scripts\RM_submission\out\Training1_3\WAV_pad\Training1_3rv_CRM1_16_Rollercoaster_pad.wav,100.0
C:\Users\gurvan.lecuyer\Documents\Code\rm0\scripts\RM_submission\out\Training1_3\WAV_pad\Training1_3rv_CRM1_2_BigBuckBunny_pad.wav,100.0
C:\Users\gurvan.lecuyer\Documents\Code\rm0\scripts\RM_submission\out\Training1_3\WAV_pad\Training1_3rv_CRM1_2_BikeRiding2_pad.wav,100.0
C:\Users\gurvan.lecuyer\Documents\Code\rm0\scripts\RM_submission\out\Training1_3\WAV_pad\Training1_3rv_CRM1_2_BikeRiding_pad.wav,100.0
C:\Users\gurvan.lecuyer\Documents\Code\rm0\scripts\RM_submission\out\Training1_3\WAV_pad\Training1_3rv_CRM1_2_ForceXYZ_pad.wav,100.0
C:\Users\gurvan.lecuyer\Documents\Code\rm0\scripts\RM_submission\out\Training1_3\WAV_pad\Training1_3rv_CRM1_2_ForceXY_pad.wav,100.0
C:\Users\gurvan.lecuyer\Documents\Code\rm0\scripts\RM_submission\out\Training1_3\WAV_pad\Training1_3rv_CRM1_2_ForceXZ_pad.wav,100.0
C:\Users\gurvan.lecuyer\Documents\Code\rm0\scripts\RM_submission\out\Training1_3\WAV_pad\Training1_3rv_CRM1_2_ForceYZ_pad.wav,100.0
C:\Users\gurvan.lecuyer\Documents\Code\rm0\scripts\RM_submission\out\Training1_3\WAV_pad\Training1_3rv_CRM1_2_HorseRiding2_pad.wav,100.0
C:\Users\gurvan.lecuyer\Documents\Code\rm0\scripts\RM_submission\out\Training1_3\WAV_pad\Training1_3rv_CRM1_2_HorseRiding_pad.wav,100.0
C:\Users\gurvan.lecuyer\Documents\Code\rm0\scripts\RM_submission\out\Training1_3\WAV_pad\Training1_3rv_CRM1_2_Rollercoaster_pad.wav,100.0
C:\Users\gurvan.lecuyer\Documents\Code\rm0\scripts\RM_submission\out\Training1_3\WAV_pad\Training1_3rv_CRM1_64_BigBuckBunny_pad.wav,100.0
C:\Users\gurvan.lecuyer\Documents\Code\rm0\scripts\RM_submission\out\Training1_3\WAV_pad\Training1_3rv_CRM1_64_BikeRiding2_pad.wav,100.0
C:\Users\gurvan.lecuyer\Documents\Code\rm0\scripts\RM_submission\out\Training1_3\WAV_pad\Training1_3rv_CRM1_64_BikeRiding_pad.wav,100.0
C:\Users\gurvan.lecuyer\Documents\Code\rm0\scripts\RM_submission\out\Training1_3\WAV_pad\Training1_3rv_CRM1_64_ForceXYZ_pad.wav,100.0
C:\Users\gurvan.lecuyer\Documents\Code\rm0\scripts\RM_submission\out\Training1_3\WAV_pad\Training1_3rv_CRM1_64_ForceXY_pad.wav,100.0
C:\Users\gurvan.lecuyer\Documents\Code\rm0\scripts\RM_submission\out\Training1_3\WAV_pad\Training1_3rv_CRM1_64_ForceXZ_pad.wav,100.0
C:\Users\gurvan.lecuyer\Documents\Code\rm0\scripts\RM_submission\out\Training1_3\WAV_pad\Training1_3rv_CRM1_64_ForceYZ_pad.wav,100.0
C:\Users\gurvan.lecuyer\Documents\Code\rm0\scripts\RM_submission\out\Training1_3\WAV_pad\Training1_3rv_CRM1_64_HorseRiding2_pad.wav,100.0
C:\Users\gurvan.lecuyer\Documents\Code\rm0\scripts\RM_submission\out\Training1_3\WAV_pad\Training1_3rv_CRM1_64_HorseRiding_pad.wav,100.0
C:\Users\gurvan.lecuyer\Documents\Code\rm0\scripts\RM_submission\out\Training1_3\WAV_pad\Training1_3rv_CRM1_64_Rollercoaster_pad.wav,100.0
C:\Users\gurvan.lecuyer\Documents\Code\rm0\scripts\RM_submission\out\Training1_3\WAV_pad\Training1_3rv_CRM1_8_BigBuckBunny_pad.wav,100.0
C:\Users\gurvan.lecuyer\Documents\Code\rm0\scripts\RM_submission\out\Training1_3\WAV_pad\Training1_3rv_CRM1_8_BikeRiding2_pad.wav,100.0
C:\Users\gurvan.lecuyer\Documents\Code\rm0\scripts\RM_submission\out\Training1_3\WAV_pad\Training1_3rv_CRM1_8_BikeRiding_pad.wav,100.0
C:\Users\gurvan.lecuyer\Documents\Code\rm0\scripts\RM_submission\out\Training1_3\WAV_pad\Training1_3rv_CRM1_8_ForceXYZ_pad.wav,100.0
C:\Users\gurvan.lecuyer\Documents\Code\rm0\scripts\RM_submission\out\Training1_3\WAV_pad\Training1_3rv_CRM1_8_ForceXY_pad.wav,100.0
C:\Users\gurvan.lecuyer\Documents\Code\rm0\scripts\RM_submission\out\Training1_3\WAV_pad\Training1_3rv_CRM1_8_ForceXZ_pad.wav,100.0
C:\Users\gurvan.lecuyer\Documents\Code\rm0\scripts\RM_submission\out\Training1_3\WAV_pad\Training1_3rv_CRM1_8_ForceYZ_pad.wav,100.0
C:\Users\gurvan.lecuyer\Documents\Code\rm0\scripts\RM_submission\out\Training1_3\WAV_pad\Training1_3rv_CRM1_8_HorseRiding2_pad.wav,100.0
C:\Users\gurvan.lecuyer\Documents\Code\rm0\scripts\RM_submission\out\Training1_3\WAV_pad\Training1_3rv_CRM1_8_HorseRiding_pad.wav,100.0
C:\Users\gurvan.lecuyer\Documents\Code\rm0\scripts\RM_submission\out\Training1_3\WAV_pad\Training1_3rv_CRM1_8_Rollercoaster_pad.wav,100.0
